{
    "ambientocclusion": false,
    "textures": {
        "particle": "block/flower_pot",
        "flowerpot": "block/flower_pot",
        "dirt": "block/dirt",
        "plant": "block/fern"
    },
    "elements": [
		{
			"from": [ 4, 4, 4 ],
			"to": [ 5, 6, 12 ],
			"faces": {
				"down": { "texture": "#flowerpot" },
				"up": { "texture": "#flowerpot" },
				"north": { "texture": "#flowerpot" },
				"south": { "texture": "#flowerpot" },
				"west": { "texture": "#flowerpot" },
				"east": { "texture": "#flowerpot" }
			}
		},
		{
			"from": [ 5, 0, 5 ],
			"to": [ 11, 5, 11 ],
			"faces": {
				"down": { "texture": "#flowerpot" },
				"up": { "texture": "#dirt" },
				"north": { "texture": "#flowerpot" },
				"south": { "texture": "#flowerpot" },
				"west": { "texture": "#flowerpot" },
				"east": { "texture": "#flowerpot" }
			}
		},
		{
			"from": [ 5, 4, 4 ],
			"to": [ 11, 6, 5 ],
			"faces": {
				"down": { "texture": "#flowerpot" },
				"up": { "texture": "#flowerpot" },
				"north": { "texture": "#flowerpot" },
				"south": { "texture": "#flowerpot" },
				"west": { "texture": "#flowerpot" },
				"east": { "texture": "#flowerpot" }
			}
		},
		{
			"from": [ 5, 4, 11 ],
			"to": [ 11, 6, 12 ],
			"faces": {
				"down": { "texture": "#flowerpot" },
				"up": { "texture": "#flowerpot" },
				"north": { "texture": "#flowerpot" },
				"south": { "texture": "#flowerpot" },
				"west": { "texture": "#flowerpot" },
				"east": { "texture": "#flowerpot" }
			}
		},
		{
			"from": [ 11, 4, 4 ],
			"to": [ 12, 6, 12 ],
			"faces": {
				"down": { "texture": "#flowerpot" },
				"up": { "texture": "#flowerpot" },
				"north": { "texture": "#flowerpot" },
				"south": { "texture": "#flowerpot" },
				"west": { "texture": "#flowerpot" },
				"east": { "texture": "#flowerpot" }
			}
		},
        {   "from": [ 2.6, 4, 8 ],
            "to": [ 13.4, 16, 8 ],
            "rotation": { "origin": [ 8, 8, 8 ], "axis": "y", "angle": 45, "rescale": true },
            "faces": {
                "north": { "uv": [ 0, 0, 16, 16 ], "texture": "#plant", "tintindex": 0 },
                "south": { "uv": [ 0, 0, 16, 16 ], "texture": "#plant", "tintindex": 0 }
            }
        },
        {   "from": [ 8, 4, 2.6 ],
            "to": [ 8, 16, 13.4 ],
            "rotation": { "origin": [ 8, 8, 8 ], "axis": "y", "angle": 45, "rescale": true },
            "faces": {
                "west": { "uv": [ 0, 0, 16, 16 ], "texture": "#plant", "tintindex": 0 },
                "east": { "uv": [ 0, 0, 16, 16 ], "texture": "#plant", "tintindex": 0 }
            }
        }
    ]
}
