{
    "parent": "block/cube",
	"gui_light": "front",
    "textures": {
        "particle": "block/locked_chest_front",
        "down": "block/locked_chest_top",
        "up": "block/locked_chest_top",
        "north": "block/locked_chest_front",
        "east": "block/locked_chest_side",
        "south": "block/locked_chest_side",
        "west": "block/locked_chest_side"
    },
    "display": {
        "gui": {
            "rotation": [ 30, 225, 0 ],
            "translation": [ 0, 0, 0 ],
            "scale":[ 0.55, 0.55, 0.55 ]
        },
        "firstperson_righthand": {
            "rotation": [ 0, 135, 0 ],
            "translation": [ 0, 3, 0 ],
            "scale": [ 0.40, 0.40, 0.40 ]
        }
    }
}