{
	"__comment": "Designed by QSKSw with Cubik Studio - https://cubik.studio",
	"parent": "block/block",
	"textures": {
		"particle": "block/pig_nose"
	},
	"elements": [ 	 
		{
			"__comment": "Box1",
			"from": [ 0, 0, 0 ],
			"to": [ 4, 3, 1 ],
			"faces": {
				"down": { "uv": [ 4, 11, 12, 13 ], "texture": "#particle" },
				"up": { "uv": [ 12, 5, 4, 3 ], "texture": "#particle" },
				"north": { "uv": [ 4, 5, 12, 11 ], "texture": "#particle" },
				"south": { "uv": [ 0, 0, 2, 2 ], "texture": "#particle" },
				"west": { "uv": [ 12, 5, 14, 11 ], "texture": "#particle" },
				"east": { "uv": [ 2, 5, 4, 11 ], "texture": "#particle" }
			}
		}
	],
	"display": {
		"thirdperson_righthand": {
			"rotation":  [ 75, 45, 0 ],
			"translation":  [ 8, 1, 6 ],
			"scale":  [ 0.8, 0.8, 0.8 ]
		},
		"firstperson_righthand": {
			"rotation":  [ 0, 135, 0 ],
			"translation":  [ 8, 6, 0 ],
			"scale":  [ 2, 2, 2 ]
		},
		"gui": {
			"rotation":  [ 30, 225, 0 ],
			"translation":  [ -26.5, 16.5, 0 ],
			"scale":  [ 2.75, 2.75, 2.75 ]
		},
		"head": {
			"translation":  [ 9, 6, 4 ],
			"scale":  [ 1.5, 1.5, 1.5 ]
		},
		"ground": {
			"translation":  [ 10, 8, 10 ],
			"scale":  [ 1.5, 1.5, 1.5 ]
		},
		"fixed": {
			"translation":  [ 12, 12, 15 ],
			"scale":  [ 2, 2, 2 ]
		}
	}
}