{
	"__comment": "Designed by QSKSw with Cubik Studio - https://cubik.studio",
	"parent": "block/block",
	"textures": {
		"particle": "block/anvil",
		"body": "block/anvil",
		"top": "block/anvil_top"
	},
	"elements": [ 	 
		{
			"__comment": "Anvil base",
			"from": [ 2, 0, 2 ],
			"to": [ 14, 4, 14 ],
			"faces": {
				"down": { "uv": [ 2, 2, 14, 14 ], "texture": "#body", "cullface": "down", "rotation": 180 },
				"up": { "uv": [ 2, 2, 14, 14 ], "texture": "#body", "rotation": 180 },
				"north": { "uv": [ 2, 12, 14, 16 ], "texture": "#body" },
				"south": { "uv": [ 2, 12, 14, 16 ], "texture": "#body" },
				"west": { "uv": [ 0, 2, 4, 14 ], "texture": "#body", "rotation": 90 },
				"east": { "uv": [ 4, 2, 0, 14 ], "texture": "#body", "rotation": 270 }
			}
		},
		{
			"__comment": "Lower narrow portion",
			"from": [ 4, 4, 3 ],
			"to": [ 12, 5, 13 ],
			"faces": {
				"up": { "uv": [ 4, 3, 12, 13 ], "texture": "#body", "rotation": 180 },
				"north": { "uv": [ 4, 11, 12, 12 ], "texture": "#body" },
				"south": { "uv": [ 4, 11, 12, 12 ], "texture": "#body" },
				"west": { "uv": [ 4, 3, 5, 13 ], "texture": "#body", "rotation": 90 },
				"east": { "uv": [ 5, 3, 4, 13 ], "texture": "#body", "rotation": 270 }
			}
		},
		{
			"__comment": "Wider section beneath top portion",
			"from": [ 6, 5, 4 ],
			"to": [ 10, 10, 12 ],
			"faces": {
				"north": { "uv": [ 6, 6, 10, 11 ], "texture": "#body" },
				"south": { "uv": [ 6, 6, 10, 11 ], "texture": "#body" },
				"west": { "uv": [ 5, 4, 10, 12 ], "texture": "#body", "rotation": 90 },
				"east": { "uv": [ 10, 4, 5, 12 ], "texture": "#body", "rotation": 270 }
			}
		},
		{
			"__comment": "Anvil top",
			"from": [ 3, 13, 0 ],
			"to": [ 13, 16, 16 ],
			"faces": {
				"down": { "uv": [ 3, 0, 13, 16 ], "texture": "#body", "rotation": 180 },
				"up": { "uv": [ 3, 0, 13, 16 ], "texture": "#top", "rotation": 180 },
				"north": { "uv": [ 3, 0, 13, 3 ], "texture": "#body" },
				"south": { "uv": [ 3, 0, 13, 3 ], "texture": "#body" },
				"west": { "uv": [ 10, 0, 13, 16 ], "texture": "#body", "rotation": 90 },
				"east": { "uv": [ 13, 0, 10, 16 ], "texture": "#body", "rotation": 270 }
			}
		},
		{
			"__comment": "Anvil top",
			"from": [ 3, 10, 3 ],
			"to": [ 13, 13, 16 ],
			"faces": {
				"down": { "uv": [ 3, 0, 13, 13 ], "texture": "#body", "rotation": 180 },
				"up": { "uv": [ 3, 0, 13, 16 ], "texture": "#top", "rotation": 180 },
				"north": { "uv": [ 3, 3, 13, 6 ], "texture": "#body" },
				"south": { "uv": [ 3, 3, 13, 6 ], "texture": "#body" },
				"west": { "uv": [ 13, 0, 16, 13 ], "texture": "#body", "rotation": 90 },
				"east": { "uv": [ 16, 0, 13, 13 ], "texture": "#body", "rotation": 270 }
			}
		}
	],
	"display": {
		"fixed": {
			"rotation":  [ 0, 90, 0 ],
			"scale":  [ 0.5, 0.5, 0.5 ]
		},
		"gui": {
            "rotation": [ 30, 45, 0 ],
            "translation": [ 0, 0, 0],
            "scale":[ 0.625, 0.625, 0.625 ]
        }
	}
}