{
	"__comment": "Designed by QSKSw with Cubik Studio - https://cubik.studio",
	"parent": "block/block",
	"ambientocclusion": false,
	"textures": {
		"particle": "#side",
		"bottom": "block/cactus_bottom",
		"top": "block/cactus_top",
		"side": "block/cactus_side",
		"texture": "block/green_wool"
	},
	"elements": [ 	 
		{
			"__comment": "Box4",
			"from": [ 1, 0, 1 ],
			"to": [ 15, 16, 15 ],
			"faces": {
				"down": { "texture": "#bottom" },
				"up": { "texture": "#bottom" },
				"north": { "texture": "#side" },
				"south": { "texture": "#side" },
				"west": { "texture": "#side" },
				"east": { "texture": "#side" }
			}
		},
		{
			"__comment": "Box2",
			"from": [ 0, 3, 1 ],
			"to": [ 1, 4, 2 ],
			"faces": {
				"down": { "texture": "#texture" },
				"up": { "texture": "#texture" },
				"north": { "texture": "#texture" },
				"south": { "texture": "#texture" },
				"west": { "texture": "#texture" },
				"east": { "texture": "#texture" }
			}
		},
		{
			"__comment": "Box2",
			"from": [ 0, 1, 10 ],
			"to": [ 1, 2, 11 ],
			"faces": {
				"down": { "texture": "#texture" },
				"up": { "texture": "#texture" },
				"north": { "texture": "#texture" },
				"south": { "texture": "#texture" },
				"west": { "texture": "#texture" },
				"east": { "texture": "#texture" }
			}
		},
		{
			"__comment": "Box2",
			"from": [ 0, 5, 5 ],
			"to": [ 1, 6, 6 ],
			"faces": {
				"down": { "texture": "#texture" },
				"up": { "texture": "#texture" },
				"north": { "texture": "#texture" },
				"south": { "texture": "#texture" },
				"west": { "texture": "#texture" },
				"east": { "texture": "#texture" }
			}
		},
		{
			"__comment": "Box2",
			"from": [ 0, 13, 1 ],
			"to": [ 1, 14, 2 ],
			"faces": {
				"down": { "texture": "#texture" },
				"up": { "texture": "#texture" },
				"north": { "texture": "#texture" },
				"south": { "texture": "#texture" },
				"west": { "texture": "#texture" },
				"east": { "texture": "#texture" }
			}
		},
		{
			"__comment": "Box2",
			"from": [ 0, 14, 5 ],
			"to": [ 1, 15, 6 ],
			"faces": {
				"down": { "texture": "#texture" },
				"up": { "texture": "#texture" },
				"north": { "texture": "#texture" },
				"south": { "texture": "#texture" },
				"west": { "texture": "#texture" },
				"east": { "texture": "#texture" }
			}
		},
		{
			"__comment": "Box2",
			"from": [ 0, 9, 7 ],
			"to": [ 1, 10, 8 ],
			"faces": {
				"down": { "texture": "#texture" },
				"up": { "texture": "#texture" },
				"north": { "texture": "#texture" },
				"south": { "texture": "#texture" },
				"west": { "texture": "#texture" },
				"east": { "texture": "#texture" }
			}
		},
		{
			"__comment": "Box2",
			"from": [ 0, 12, 10 ],
			"to": [ 1, 13, 11 ],
			"faces": {
				"down": { "texture": "#texture" },
				"up": { "texture": "#texture" },
				"north": { "texture": "#texture" },
				"south": { "texture": "#texture" },
				"west": { "texture": "#texture" },
				"east": { "texture": "#texture" }
			}
		},
		{
			"__comment": "Box9",
			"from": [ 0, 14, 14 ],
			"to": [ 1, 15, 15 ],
			"faces": {
				"down": { "texture": "#texture" },
				"up": { "texture": "#texture" },
				"north": { "texture": "#texture" },
				"south": { "texture": "#texture" },
				"west": { "texture": "#texture" },
				"east": { "texture": "#texture" }
			}
		},
		{
			"__comment": "Box10",
			"from": [ 0, 10, 14 ],
			"to": [ 1, 11, 15 ],
			"faces": {
				"down": { "texture": "#texture" },
				"up": { "texture": "#texture" },
				"north": { "texture": "#texture" },
				"south": { "texture": "#texture" },
				"west": { "texture": "#texture" },
				"east": { "texture": "#texture" }
			}
		},
		{
			"__comment": "Box11",
			"from": [ 0, 5, 14 ],
			"to": [ 1, 6, 15 ],
			"faces": {
				"down": { "texture": "#texture" },
				"up": { "texture": "#texture" },
				"north": { "texture": "#texture" },
				"south": { "texture": "#texture" },
				"west": { "texture": "#texture" },
				"east": { "texture": "#texture" }
			}
		},
		{
			"__comment": "Box12",
			"from": [ 5, 14, 0 ],
			"to": [ 6, 15, 1 ],
			"faces": {
				"down": { "texture": "#texture" },
				"up": { "texture": "#texture" },
				"north": { "texture": "#texture" },
				"south": { "texture": "#texture" },
				"west": { "texture": "#texture" },
				"east": { "texture": "#texture" }
			}
		},
		{
			"__comment": "Box12",
			"from": [ 5, 1, 0 ],
			"to": [ 6, 2, 1 ],
			"faces": {
				"down": { "texture": "#texture" },
				"up": { "texture": "#texture" },
				"north": { "texture": "#texture" },
				"south": { "texture": "#texture" },
				"west": { "texture": "#texture" },
				"east": { "texture": "#texture" }
			}
		},
		{
			"__comment": "Box12",
			"from": [ 5, 12, 0 ],
			"to": [ 6, 13, 1 ],
			"faces": {
				"down": { "texture": "#texture" },
				"up": { "texture": "#texture" },
				"north": { "texture": "#texture" },
				"south": { "texture": "#texture" },
				"west": { "texture": "#texture" },
				"east": { "texture": "#texture" }
			}
		},
		{
			"__comment": "Box12",
			"from": [ 8, 9, 0 ],
			"to": [ 9, 10, 1 ],
			"faces": {
				"down": { "texture": "#texture" },
				"up": { "texture": "#texture" },
				"north": { "texture": "#texture" },
				"south": { "texture": "#texture" },
				"west": { "texture": "#texture" },
				"east": { "texture": "#texture" }
			}
		},
		{
			"__comment": "Box12",
			"from": [ 10, 14, 0 ],
			"to": [ 11, 15, 1 ],
			"faces": {
				"down": { "texture": "#texture" },
				"up": { "texture": "#texture" },
				"north": { "texture": "#texture" },
				"south": { "texture": "#texture" },
				"west": { "texture": "#texture" },
				"east": { "texture": "#texture" }
			}
		},
		{
			"__comment": "Box12",
			"from": [ 10, 5, 0 ],
			"to": [ 11, 6, 1 ],
			"faces": {
				"down": { "texture": "#texture" },
				"up": { "texture": "#texture" },
				"north": { "texture": "#texture" },
				"south": { "texture": "#texture" },
				"west": { "texture": "#texture" },
				"east": { "texture": "#texture" }
			}
		},
		{
			"__comment": "Box12",
			"from": [ 14, 3, 0 ],
			"to": [ 15, 4, 1 ],
			"faces": {
				"down": { "texture": "#texture" },
				"up": { "texture": "#texture" },
				"north": { "texture": "#texture" },
				"south": { "texture": "#texture" },
				"west": { "texture": "#texture" },
				"east": { "texture": "#texture" }
			}
		},
		{
			"__comment": "Box12",
			"from": [ 14, 13, 0 ],
			"to": [ 15, 14, 1 ],
			"faces": {
				"down": { "texture": "#texture" },
				"up": { "texture": "#texture" },
				"north": { "texture": "#texture" },
				"south": { "texture": "#texture" },
				"west": { "texture": "#texture" },
				"east": { "texture": "#texture" }
			}
		},
		{
			"__comment": "Box12",
			"from": [ 1, 14, 0 ],
			"to": [ 2, 15, 1 ],
			"faces": {
				"down": { "texture": "#texture" },
				"up": { "texture": "#texture" },
				"north": { "texture": "#texture" },
				"south": { "texture": "#texture" },
				"west": { "texture": "#texture" },
				"east": { "texture": "#texture" }
			}
		},
		{
			"__comment": "Box12",
			"from": [ 1, 10, 0 ],
			"to": [ 2, 11, 1 ],
			"faces": {
				"down": { "texture": "#texture" },
				"up": { "texture": "#texture" },
				"north": { "texture": "#texture" },
				"south": { "texture": "#texture" },
				"west": { "texture": "#texture" },
				"east": { "texture": "#texture" }
			}
		},
		{
			"__comment": "Box12",
			"from": [ 1, 5, 0 ],
			"to": [ 2, 6, 1 ],
			"faces": {
				"down": { "texture": "#texture" },
				"up": { "texture": "#texture" },
				"north": { "texture": "#texture" },
				"south": { "texture": "#texture" },
				"west": { "texture": "#texture" },
				"east": { "texture": "#texture" }
			}
		},
		{
			"__comment": "Box23",
			"from": [ 1, 3, 15 ],
			"to": [ 2, 4, 16 ],
			"faces": {
				"down": { "texture": "#texture" },
				"up": { "texture": "#texture" },
				"north": { "texture": "#texture" },
				"south": { "texture": "#texture" },
				"west": { "texture": "#texture" },
				"east": { "texture": "#texture" }
			}
		},
		{
			"__comment": "Box23",
			"from": [ 5, 5, 15 ],
			"to": [ 6, 6, 16 ],
			"faces": {
				"down": { "texture": "#texture" },
				"up": { "texture": "#texture" },
				"north": { "texture": "#texture" },
				"south": { "texture": "#texture" },
				"west": { "texture": "#texture" },
				"east": { "texture": "#texture" }
			}
		},
		{
			"__comment": "Box23",
			"from": [ 10, 1, 15 ],
			"to": [ 11, 2, 16 ],
			"faces": {
				"down": { "texture": "#texture" },
				"up": { "texture": "#texture" },
				"north": { "texture": "#texture" },
				"south": { "texture": "#texture" },
				"west": { "texture": "#texture" },
				"east": { "texture": "#texture" }
			}
		},
		{
			"__comment": "Box23",
			"from": [ 14, 5, 15 ],
			"to": [ 15, 6, 16 ],
			"faces": {
				"down": { "texture": "#texture" },
				"up": { "texture": "#texture" },
				"north": { "texture": "#texture" },
				"south": { "texture": "#texture" },
				"west": { "texture": "#texture" },
				"east": { "texture": "#texture" }
			}
		},
		{
			"__comment": "Box23",
			"from": [ 7, 9, 15 ],
			"to": [ 8, 10, 16 ],
			"faces": {
				"down": { "texture": "#texture" },
				"up": { "texture": "#texture" },
				"north": { "texture": "#texture" },
				"south": { "texture": "#texture" },
				"west": { "texture": "#texture" },
				"east": { "texture": "#texture" }
			}
		},
		{
			"__comment": "Box23",
			"from": [ 5, 14, 15 ],
			"to": [ 6, 15, 16 ],
			"faces": {
				"down": { "texture": "#texture" },
				"up": { "texture": "#texture" },
				"north": { "texture": "#texture" },
				"south": { "texture": "#texture" },
				"west": { "texture": "#texture" },
				"east": { "texture": "#texture" }
			}
		},
		{
			"__comment": "Box23",
			"from": [ 1, 13, 15 ],
			"to": [ 2, 14, 16 ],
			"faces": {
				"down": { "texture": "#texture" },
				"up": { "texture": "#texture" },
				"north": { "texture": "#texture" },
				"south": { "texture": "#texture" },
				"west": { "texture": "#texture" },
				"east": { "texture": "#texture" }
			}
		},
		{
			"__comment": "Box23",
			"from": [ 14, 14, 15 ],
			"to": [ 15, 15, 16 ],
			"faces": {
				"down": { "texture": "#texture" },
				"up": { "texture": "#texture" },
				"north": { "texture": "#texture" },
				"south": { "texture": "#texture" },
				"west": { "texture": "#texture" },
				"east": { "texture": "#texture" }
			}
		},
		{
			"__comment": "Box23",
			"from": [ 10, 12, 15 ],
			"to": [ 11, 13, 16 ],
			"faces": {
				"down": { "texture": "#texture" },
				"up": { "texture": "#texture" },
				"north": { "texture": "#texture" },
				"south": { "texture": "#texture" },
				"west": { "texture": "#texture" },
				"east": { "texture": "#texture" }
			}
		},
		{
			"__comment": "Box23",
			"from": [ 14, 10, 15 ],
			"to": [ 15, 11, 16 ],
			"faces": {
				"down": { "texture": "#texture" },
				"up": { "texture": "#texture" },
				"north": { "texture": "#texture" },
				"south": { "texture": "#texture" },
				"west": { "texture": "#texture" },
				"east": { "texture": "#texture" }
			}
		},
		{
			"__comment": "Box33",
			"from": [ 15, 13, 14 ],
			"to": [ 16, 14, 15 ],
			"faces": {
				"down": { "texture": "#texture" },
				"up": { "texture": "#texture" },
				"north": { "texture": "#texture" },
				"south": { "texture": "#texture" },
				"west": { "texture": "#texture" },
				"east": { "texture": "#texture" }
			}
		},
		{
			"__comment": "Box33",
			"from": [ 15, 14, 10 ],
			"to": [ 16, 15, 11 ],
			"faces": {
				"down": { "texture": "#texture" },
				"up": { "texture": "#texture" },
				"north": { "texture": "#texture" },
				"south": { "texture": "#texture" },
				"west": { "texture": "#texture" },
				"east": { "texture": "#texture" }
			}
		},
		{
			"__comment": "Box33",
			"from": [ 15, 1, 5 ],
			"to": [ 16, 2, 6 ],
			"faces": {
				"down": { "texture": "#texture" },
				"up": { "texture": "#texture" },
				"north": { "texture": "#texture" },
				"south": { "texture": "#texture" },
				"west": { "texture": "#texture" },
				"east": { "texture": "#texture" }
			}
		},
		{
			"__comment": "Box33",
			"from": [ 15, 3, 14 ],
			"to": [ 16, 4, 15 ],
			"faces": {
				"down": { "texture": "#texture" },
				"up": { "texture": "#texture" },
				"north": { "texture": "#texture" },
				"south": { "texture": "#texture" },
				"west": { "texture": "#texture" },
				"east": { "texture": "#texture" }
			}
		},
		{
			"__comment": "Box33",
			"from": [ 15, 5, 10 ],
			"to": [ 16, 6, 11 ],
			"faces": {
				"down": { "texture": "#texture" },
				"up": { "texture": "#texture" },
				"north": { "texture": "#texture" },
				"south": { "texture": "#texture" },
				"west": { "texture": "#texture" },
				"east": { "texture": "#texture" }
			}
		},
		{
			"__comment": "Box33",
			"from": [ 15, 9, 8 ],
			"to": [ 16, 10, 9 ],
			"faces": {
				"down": { "texture": "#texture" },
				"up": { "texture": "#texture" },
				"north": { "texture": "#texture" },
				"south": { "texture": "#texture" },
				"west": { "texture": "#texture" },
				"east": { "texture": "#texture" }
			}
		},
		{
			"__comment": "Box33",
			"from": [ 15, 5, 1 ],
			"to": [ 16, 6, 2 ],
			"faces": {
				"down": { "texture": "#texture" },
				"up": { "texture": "#texture" },
				"north": { "texture": "#texture" },
				"south": { "texture": "#texture" },
				"west": { "texture": "#texture" },
				"east": { "texture": "#texture" }
			}
		},
		{
			"__comment": "Box33",
			"from": [ 15, 10, 1 ],
			"to": [ 16, 11, 2 ],
			"faces": {
				"down": { "texture": "#texture" },
				"up": { "texture": "#texture" },
				"north": { "texture": "#texture" },
				"south": { "texture": "#texture" },
				"west": { "texture": "#texture" },
				"east": { "texture": "#texture" }
			}
		},
		{
			"__comment": "Box33",
			"from": [ 15, 14, 1 ],
			"to": [ 16, 15, 2 ],
			"faces": {
				"down": { "texture": "#texture" },
				"up": { "texture": "#texture" },
				"north": { "texture": "#texture" },
				"south": { "texture": "#texture" },
				"west": { "texture": "#texture" },
				"east": { "texture": "#texture" }
			}
		},
		{
			"__comment": "Box33",
			"from": [ 15, 12, 5 ],
			"to": [ 16, 13, 6 ],
			"faces": {
				"down": { "texture": "#texture" },
				"up": { "texture": "#texture" },
				"north": { "texture": "#texture" },
				"south": { "texture": "#texture" },
				"west": { "texture": "#texture" },
				"east": { "texture": "#texture" }
			}
		}
	]
}