{
	"__comment": "Designed by QSKSw with Cubik Studio - https://cubik.studio",
	"ambientocclusion": false,
	"textures": {
		"particle": "#rail",
		"rail": "block/detector_rail",
		"wood": "block/oak_planks",
		"rails": "block/iron_block_dark",
		"redstone": "block/redstone_block_dark"
	},
	"elements": [ 	 
		{
			"__comment": "Box2",
			"from": [ 2, 1, 0 ],
			"to": [ 4, 2, 16 ],
			"rotation": {
                "origin": [ 8, 2, 16 ],
                "axis": "x",
                "angle": 45,
                "rescale": true
            },
			"faces": {
				"down": { "uv": [ 2, 0, 4, 16 ], "texture": "#rails" },
				"up": { "uv": [ 2, 0, 4, 16 ], "texture": "#rail" },
				"north": { "uv": [ 12, 14, 14, 15 ], "texture": "#rails" },
				"south": { "uv": [ 2, 14, 4, 15 ], "texture": "#rails" },
				"west": { "uv": [ 0, 14, 16, 15 ], "texture": "#rails" },
				"east": { "uv": [ 0, 14, 16, 15 ], "texture": "#rails" }
			}
		},
		{
			"__comment": "Box3",
			"from": [ 12, 1, 0 ],
			"to": [ 14, 2, 16 ],
			"rotation": {
                "origin": [ 8, 2, 16 ],
                "axis": "x",
                "angle": 45,
                "rescale": true
            },
			"faces": {
				"down": { "uv": [ 12, 0, 14, 16 ], "texture": "#rails" },
				"up": { "uv": [ 12, 0, 14, 16 ], "texture": "#rail" },
				"north": { "uv": [ 2, 14, 4, 15 ], "texture": "#rails" },
				"south": { "uv": [ 12, 14, 14, 15 ], "texture": "#rails" },
				"west": { "uv": [ 0, 14, 16, 15 ], "texture": "#rails" },
				"east": { "uv": [ 0, 14, 16, 15 ], "texture": "#rails" }
			}
		},
		{
			"__comment": "Box4",
			"from": [ 1, 0, 1 ],
			"to": [ 15, 1, 3 ],
			"rotation": {
                "origin": [ 8, 2, 16 ],
                "axis": "x",
                "angle": 45,
                "rescale": true
            },
			"faces": {
				"down": { "uv": [ 1, 13, 15, 15 ], "texture": "#wood" },
				"up": { "uv": [ 1, 1, 15, 3 ], "texture": "#wood" },
				"north": { "uv": [ 1, 15, 15, 16 ], "texture": "#wood" },
				"south": { "uv": [ 1, 15, 15, 16 ], "texture": "#wood" },
				"west": { "uv": [ 1, 15, 3, 16 ], "texture": "#wood" },
				"east": { "uv": [ 13, 15, 15, 16 ], "texture": "#wood" }
			}
		},
		{
			"__comment": "Box5",
			"from": [ 1, 0, 5 ],
			"to": [ 15, 1, 7 ],
			"rotation": {
                "origin": [ 8, 2, 16 ],
                "axis": "x",
                "angle": 45,
                "rescale": true
            },
			"faces": {
				"down": { "uv": [ 1, 9, 15, 11 ], "texture": "#wood" },
				"up": { "uv": [ 1, 5, 15, 7 ], "texture": "#wood" },
				"north": { "uv": [ 1, 15, 15, 16 ], "texture": "#wood" },
				"south": { "uv": [ 1, 15, 15, 16 ], "texture": "#wood" },
				"west": { "uv": [ 5, 15, 7, 16 ], "texture": "#wood" },
				"east": { "uv": [ 9, 15, 11, 16 ], "texture": "#wood" }
			}
		},
		{
			"__comment": "Box6",
			"from": [ 1, 0, 9 ],
			"to": [ 15, 1, 11 ],
			"rotation": {
                "origin": [ 8, 2, 16 ],
                "axis": "x",
                "angle": 45,
                "rescale": true
            },
			"faces": {
				"down": { "uv": [ 1, 5, 15, 7 ], "texture": "#wood" },
				"up": { "uv": [ 1, 9, 15, 11 ], "texture": "#wood" },
				"north": { "uv": [ 1, 15, 15, 16 ], "texture": "#wood" },
				"south": { "uv": [ 1, 15, 15, 16 ], "texture": "#wood" },
				"west": { "uv": [ 9, 15, 11, 16 ], "texture": "#wood" },
				"east": { "uv": [ 5, 15, 7, 16 ], "texture": "#wood" }
			}
		},
		{
			"__comment": "Box7",
			"from": [ 1, 0, 13 ],
			"to": [ 15, 1, 15 ],
			"rotation": {
                "origin": [ 8, 2, 16 ],
                "axis": "x",
                "angle": 45,
                "rescale": true
            },
			"faces": {
				"down": { "uv": [ 1, 1, 15, 3 ], "texture": "#wood" },
				"up": { "uv": [ 1, 13, 15, 15 ], "texture": "#wood" },
				"north": { "uv": [ 1, 15, 15, 16 ], "texture": "#wood" },
				"south": { "uv": [ 1, 15, 15, 16 ], "texture": "#wood" },
				"west": { "uv": [ 13, 15, 15, 16 ], "texture": "#wood" },
				"east": { "uv": [ 1, 15, 3, 16 ], "texture": "#wood" }
			}
		},
		{
			"__comment": "Box7",
			"from": [ 5, 0.8, 1.6 ],
			"to": [ 11, 1.8, 7.6 ],
			"rotation": {
                "origin": [ 8, 2, 16 ],
                "axis": "x",
                "angle": 45,
                "rescale": false
            },
			"faces": {
				"down": { "uv": [ 5, 5, 11, 11 ], "texture": "#redstone" },
				"up": { "uv": [ 5, 5, 11, 11 ], "texture": "#rail" },
				"north": { "uv": [ 5, 14, 11, 15 ], "texture": "#redstone" },
				"south": { "uv": [ 5, 14, 11, 15 ], "texture": "#redstone" },
				"west": { "uv": [ 5, 14, 11, 15 ], "texture": "#redstone" },
				"east": { "uv": [ 5, 14, 11, 15 ], "texture": "#redstone" }
			}
		},
		{
			"__comment": "Box8",
			"from": [ 6, 1.6, 2.6 ],
			"to": [ 10, 2.6, 6.6 ],
			"rotation": {
                "origin": [ 8, 2, 16 ],
                "axis": "x",
                "angle": 45,
                "rescale": false
            },
			"faces": {
				"down": { "uv": [ 6, 6, 10, 10 ], "texture": "#rails" },
				"up": { "uv": [ 6, 6, 10, 10 ], "texture": "#rail" },
				"north": { "uv": [ 6, 13, 10, 14 ], "texture": "#rails" },
				"south": { "uv": [ 6, 13, 10, 14 ], "texture": "#rails" },
				"west": { "uv": [ 6, 13, 10, 14 ], "texture": "#rails" },
				"east": { "uv": [ 6, 13, 10, 14 ], "texture": "#rails" }
			}
		}
	]
}