{
	"__comment": "Fair warning, this format is highly likely to change even more in the future!",
	"textures": {
		"particle": "block/old_water_still",
		"water": "block/old_water_still",
		"stone": "block/stone",
		"porcelain": "block/quartz_block_bottom"
	},
	"elements": [ 	 
		{
			"__comment": "Element",
			"from": [ 4, 0, 5 ],
			"to": [ 12, 1, 13 ],
			"faces": {
				"down": { "uv": [ 4, 5, 12, 13 ], "texture": "#stone" },
				"up": { "uv": [ 4, 3, 12, 11 ], "texture": "#stone" },
				"north": { "uv": [ 4, 15, 12, 16 ], "texture": "#stone" },
				"south": { "uv": [ 4, 15, 12, 16 ], "texture": "#stone" },
				"west": { "uv": [ 3, 15, 11, 16 ], "texture": "#stone" },
				"east": { "uv": [ 5, 15, 13, 16 ], "texture": "#stone" }
			}
		},
		{
			"__comment": "Element",
			"from": [ 6, 1, 7 ],
			"to": [ 10, 3, 11 ],
			"faces": {
				"down": { "uv": [ 6, 6.999001, 10, 7 ], "texture": "#porcelain" },
				"up": { "uv": [ 6, 9, 10, 9.000999 ], "texture": "#porcelain" },
				"north": { "uv": [ 6, 13, 10, 15 ], "texture": "#porcelain" },
				"south": { "uv": [ 6, 13, 10, 15 ], "texture": "#porcelain" },
				"west": { "uv": [ 9, 13, 9.001, 15 ], "texture": "#porcelain" },
				"east": { "uv": [ 6.999, 13, 7, 15 ], "texture": "#porcelain" }
			}
		},
		{
			"__comment": "Element",
			"from": [ 4, 3, 5 ],
			"to": [ 12, 4, 13 ],
			"faces": {
				"down": { "uv": [ 4, 6, 12, 14 ], "texture": "#porcelain" },
				"up": { "uv": [ 4, 2, 12, 10 ], "texture": "#water" },
				"north": { "uv": [ 4, 12, 12, 13 ], "texture": "#porcelain" },
				"south": { "uv": [ 4, 12, 12, 13 ], "texture": "#porcelain" },
				"west": { "uv": [ 2, 12, 10, 13 ], "texture": "#porcelain" },
				"east": { "uv": [ 6, 12, 14, 13 ], "texture": "#porcelain" }
			}
		},
		{
			"__comment": "Element",
			"from": [ 4, 4, 12 ],
			"to": [ 12, 8, 14 ],
			"faces": {
				"down": { "uv": [ 3.5, 13, 12.5, 15 ], "texture": "#porcelain" },
				"up": { "uv": [ 4, 1, 13, 3 ], "texture": "#porcelain" },
				"north": { "uv": [ 3, 8, 12, 12 ], "texture": "#porcelain" },
				"south": { "uv": [ 4, 8, 13, 12 ], "texture": "#porcelain" },
				"west": { "uv": [ 1, 8, 3, 12 ], "texture": "#porcelain" },
				"east": { "uv": [ 13, 8, 15, 12 ], "texture": "#porcelain" }
			}
		},
		{
			"__comment": "Element",
			"from": [ 3, 4, 5 ],
			"to": [ 4, 8, 13 ],
			"faces": {
				"down": { "uv": [ 3, 6, 4, 14 ], "texture": "#porcelain" },
				"up": { "uv": [ 3, 2, 4, 10 ], "texture": "#porcelain" },
				"north": { "uv": [ 12, 8, 13, 12 ], "texture": "#porcelain" },
				"south": { "uv": [ 3, 8, 4, 12 ], "texture": "#porcelain" },
				"west": { "uv": [ 2, 8, 10, 12 ], "texture": "#porcelain" },
				"east": { "uv": [ 6, 8, 14, 12 ], "texture": "#porcelain" }
			}
		},
		{
			"__comment": "Element",
			"from": [ 12, 4, 5 ],
			"to": [ 13, 8, 13 ],
			"faces": {
				"down": { "uv": [ 12, 6, 13, 14 ], "texture": "#porcelain" },
				"up": { "uv": [ 12, 2, 13, 10 ], "texture": "#porcelain" },
				"north": { "uv": [ 3, 8, 4, 12 ], "texture": "#porcelain" },
				"south": { "uv": [ 12, 8, 13, 12 ], "texture": "#porcelain" },
				"west": { "uv": [ 2, 8, 10, 12 ], "texture": "#porcelain" },
				"east": { "uv": [ 6, 8, 14, 12 ], "texture": "#porcelain" }
			}
		},
		{
			"__comment": "Element",
			"from": [ 4, 4, 3 ],
			"to": [ 12, 8, 6 ],
			"faces": {
				"down": { "uv": [ 4, 5, 12, 8 ], "texture": "#porcelain" },
				"up": { "uv": [ 4, 8, 12, 11 ], "texture": "#porcelain" },
				"north": { "uv": [ 4, 8, 12, 12 ], "texture": "#porcelain" },
				"south": { "uv": [ 4, 8, 12, 12 ], "texture": "#porcelain" },
				"west": { "uv": [ 8, 8, 11, 12 ], "texture": "#porcelain" },
				"east": { "uv": [ 5, 8, 8, 12 ], "texture": "#porcelain" }
			}
		},
		{
			"__comment": "Element",
			"from": [ 11, 7, 6 ],
			"to": [ 12, 8, 12 ],
			"faces": {
				"down": { "uv": [ 11, 8, 12, 13 ], "texture": "#porcelain" },
				"up": { "uv": [ 11, 3, 12, 8 ], "texture": "#porcelain" },
				"north": { "uv": [ 4, 8, 5, 9 ], "texture": "#porcelain" },
				"south": { "uv": [ 11, 8, 12, 9 ], "texture": "#porcelain" },
				"west": { "uv": [ 3, 8, 8, 9 ], "texture": "#porcelain" },
				"east": { "uv": [ 8, 8, 13, 9 ], "texture": "#porcelain" }
			}
		},
		{
			"__comment": "Element",
			"from": [ 4, 7, 6 ],
			"to": [ 5, 8, 12 ],
			"faces": {
				"down": { "uv": [ 4, 8, 5, 13 ], "texture": "#porcelain" },
				"up": { "uv": [ 4, 3, 5, 8 ], "texture": "#porcelain" },
				"north": { "uv": [ 11, 8, 12, 9 ], "texture": "#porcelain" },
				"south": { "uv": [ 4, 8, 5, 9 ], "texture": "#porcelain" },
				"west": { "uv": [ 3, 8, 8, 9 ], "texture": "#porcelain" },
				"east": { "uv": [ 8, 8, 13, 9 ], "texture": "#porcelain" }
			}
		},
		{
			"__comment": "Element",
			"from": [ 5, 5, 1 ],
			"to": [ 11, 8, 4 ],
			"faces": {
				"down": { "uv": [ 5, 2, 11, 5 ], "texture": "#stone" },
				"up": { "uv": [ 5, 11, 11, 14 ], "texture": "#stone" },
				"north": { "uv": [ 5, 8, 11, 11 ], "texture": "#stone" },
				"south": { "uv": [ 5, 8, 11, 11 ], "texture": "#stone" },
				"west": { "uv": [ 11, 8, 14, 11 ], "texture": "#stone" },
				"east": { "uv": [ 2, 8, 5, 11 ], "texture": "#stone" }
			}
		},
		{
			"__comment": "Element",
			"from": [ 4, 8, 1 ],
			"to": [ 12, 15, 6 ],
			"faces": {
				"down": { "uv": [ 4, 1, 12, 6 ], "texture": "#porcelain" },
				"up": { "uv": [ 4, 10, 12, 15 ], "texture": "#porcelain" },
				"north": { "uv": [ 4, 1, 12, 8 ], "texture": "#porcelain" },
				"south": { "uv": [ 4, 1, 12, 8 ], "texture": "#porcelain" },
				"west": { "uv": [ 10, 1, 15, 8 ], "texture": "#porcelain" },
				"east": { "uv": [ 1, 1, 6, 8 ], "texture": "#porcelain" }
			}
		},
		{
			"__comment": "Element",
			"from": [ 4, 12, 6 ],
			"to": [ 7, 14, 7 ],
			"faces": {
				"down": { "uv": [ 4, 6, 7, 7 ], "texture": "#stone" },
				"up": { "uv": [ 4, 9, 7, 10 ], "texture": "#stone" },
				"north": { "uv": [ 9, 2, 12, 4 ], "texture": "#stone" },
				"south": { "uv": [ 4, 2, 7, 4 ], "texture": "#stone" },
				"west": { "uv": [ 9, 2, 10, 4 ], "texture": "#stone" },
				"east": { "uv": [ 6, 2, 7, 4 ], "texture": "#stone" }
			}
		},
		{
			"__comment": "Element",
			"from": [ 3, 15, 0 ],
			"to": [ 13, 16, 7 ],
			"faces": {
				"down": { "uv": [ 3, 0, 13, 7 ], "texture": "#stone" },
				"up": { "uv": [ 3, 9, 13, 16 ], "texture": "#stone" },
				"north": { "uv": [ 3, 0, 13, 1 ], "texture": "#stone" },
				"south": { "uv": [ 3, 0, 13, 1 ], "texture": "#stone" },
				"west": { "uv": [ 9, 0, 16, 1 ], "texture": "#stone" },
				"east": { "uv": [ 0, 0, 7, 1 ], "texture": "#stone" }
			}
		}
	],
	    "display": {
        "gui": {
            "rotation": [ 30, 315, 0 ],
            "translation": [ 0, -0.5, 0],
            "scale":[ 0.65, 0.65, 0.65 ]
        },
        "ground": {
            "rotation": [ 0, 0, 0 ],
            "translation": [ 0, 3, 0],
            "scale":[ 0.25, 0.25, 0.25 ]
        },
        "fixed": {
            "rotation": [ 0, -90, 0 ],
            "translation": [ 0, 0, 0],
            "scale":[ 0.75, 0.75, 0.75 ]
        },
        "thirdperson_righthand": {
            "rotation": [ 75, 225, 0 ],
            "translation": [ 0, 2.5, 0],
            "scale": [ 0.5, 0.5, 0.5 ]
        },
        "firstperson_righthand": {
            "rotation": [ 0, 225, 0 ],
            "translation": [ 0, 3, 0 ],
            "scale": [ 0.50, 0.50, 0.50 ]
        },
        "head": {
            "rotation": [ 0, 180, 0 ],
            "translation": [ 0, 14.5, 0 ],
            "scale": [ 1, 1, 1 ]
        }
    }
}