{
	"parent": "block/carved_pumpkin",
	"ambientocclusion": false,
	"textures": {
		"particle": "#hat",
		"hat": "block/black_wool",
		"skull": "entity/skeleton/skeleton"
	},
	"elements": [ 	 
		{
			"from": [ -3, 10, 1 ],
			"to": [ 19.5, 14, 15 ],
			"faces": {
				"down": { "uv": [ 0, 0, 16, 16 ], "texture": "#hat" },
				"up": { "uv": [ 0, 0, 16, 16 ], "texture": "#hat" },
				"north": { "uv": [ 0, 13, 16, 16 ], "texture": "#hat" },
				"south": { "uv": [ 0, 13, 16, 16 ], "texture": "#hat" },
				"west": { "uv": [ 0, 13, 16, 16 ], "texture": "#hat" },
				"east": { "uv": [ 0, 13, 16, 16 ], "texture": "#hat" }
			}
		},
		{
			"from": [ -1, 14, 1 ],
			"to": [ 17, 15, 15 ],
			"faces": {
				"down": { "uv": [ 0, 0, 16, 16 ], "texture": "#hat" },
				"up": { "uv": [ 0, 0, 16, 16 ], "texture": "#hat" },
				"north": { "uv": [ 0, 10, 16, 11 ], "texture": "#hat" },
				"south": { "uv": [ 0, 10, 16, 11 ], "texture": "#hat" },
				"west": { "uv": [ 0, 10, 16, 11 ], "texture": "#hat" },
				"east": { "uv": [ 0, 10, 16, 11 ], "texture": "#hat" }
			}
		},
		{
			"from": [ 0, 15, 1 ],
			"to": [ 16, 18, 15 ],
			"faces": {
				"down": { "uv": [ 0, 0, 16, 16 ], "texture": "#hat" },
				"up": { "uv": [ 0, 0, 16, 16 ], "texture": "#hat" },
				"north": { "uv": [ 0, 11, 16, 13 ], "texture": "#hat" },
				"south": { "uv": [ 0, 11, 16, 13 ], "texture": "#hat" },
				"west": { "uv": [ 0, 11, 16, 13 ], "texture": "#hat" },
				"east": { "uv": [ 0, 11, 16, 13 ], "texture": "#hat" }
			}
		},
		{
			"from": [ 4, 18, 1 ],
			"to": [ 12, 20, 15 ],
			"faces": {
				"down": { "uv": [ 4, 0, 12, 16 ], "texture": "#hat" },
				"up": { "uv": [ 4, 0, 12, 16 ], "texture": "#hat" },
				"north": { "uv": [ 4, 12, 12, 14 ], "texture": "#hat" },
				"south": { "uv": [ 4, 12, 12, 14 ], "texture": "#hat" },
				"west": { "uv": [ 4, 12, 12, 14 ], "texture": "#hat" },
				"east": { "uv": [ 4, 12, 12, 14 ], "texture": "#hat" }
			}
		},
		{
			"from": [ 6, 13, 0.5 ],
			"to": [ 10, 17, 4.5 ],
			"faces": {
				"down": { "uv": [ 4, 0, 6, 4 ], "texture": "#skull" },
				"up": { "uv": [ 2, 0, 4, 4 ], "texture": "#skull" },
				"north": { "uv": [ 2, 4, 4, 8 ], "texture": "#skull" },
				"south": { "uv": [ 6, 4, 8, 8 ], "texture": "#skull" },
				"west": { "uv": [ 4, 4, 6, 8 ], "texture": "#skull" },
				"east": { "uv": [ 0, 4, 2, 8 ], "texture": "#skull" }
			}
		}
	]
}