{
	"__comment": "Designed by QSKSw with Cubik Studio - https://cubik.studio",
	"ambientocclusion": false,
	"textures": {
		"particle": "#rail"
	},
	"elements": [ 	 
		{
			"__comment": "Box2",
			"from": [ 10, 0, 14 ],
			"to": [ 14, 1, 16 ],
			"faces": {
				"down": { "texture": "#wood" },
				"up": { "texture": "#rail" },
				"north": { "texture": "#wood" },
				"south": { "texture": "#wood" },
				"west": { "texture": "#wood" },
				"east": { "texture": "#wood" }
			}
		},
		{
			"__comment": "Box2",
			"from": [ 14, 0, 10 ],
			"to": [ 16, 1, 15 ],
			"faces": {
				"down": { "texture": "#wood" },
				"up": { "texture": "#rail" },
				"north": { "texture": "#wood" },
				"south": { "texture": "#wood" },
				"west": { "texture": "#wood" },
				"east": { "texture": "#wood" }
			}
		},
		{
			"__comment": "Box4",
			"from": [ 12, 0, 12 ],
			"to": [ 14, 1, 14 ],
			"faces": {
				"down": { "texture": "#wood" },
				"up": { "texture": "#rail" },
				"north": { "texture": "#wood" },
				"south": { "texture": "#wood" },
				"west": { "texture": "#wood" },
				"east": { "texture": "#wood" }
			}
		},
		{
			"__comment": "Box5",
			"from": [ 11, 0, 12 ],
			"to": [ 12, 1, 13 ],
			"faces": {
				"down": { "texture": "#wood" },
				"up": { "texture": "#rail" },
				"north": { "texture": "#wood" },
				"south": { "texture": "#wood" },
				"west": { "texture": "#wood" },
				"east": { "texture": "#wood" }
			}
		},
		{
			"__comment": "Box6",
			"from": [ 13, 0, 7 ],
			"to": [ 15, 1, 10 ],
			"faces": {
				"down": { "texture": "#wood" },
				"up": { "texture": "#rail" },
				"north": { "texture": "#wood" },
				"south": { "texture": "#wood" },
				"west": { "texture": "#wood" },
				"east": { "texture": "#wood" }
			}
		},
		{
			"__comment": "Box7",
			"from": [ 12, 0, 4 ],
			"to": [ 14, 1, 7 ],
			"faces": {
				"down": { "texture": "#wood" },
				"up": { "texture": "#rail" },
				"north": { "texture": "#wood" },
				"south": { "texture": "#wood" },
				"west": { "texture": "#wood" },
				"east": { "texture": "#wood" }
			}
		},
		{
			"__comment": "Box8",
			"from": [ 11, 0, 1 ],
			"to": [ 13, 1, 4 ],
			"faces": {
				"down": { "texture": "#wood" },
				"up": { "texture": "#rail" },
				"north": { "texture": "#wood" },
				"south": { "texture": "#wood" },
				"west": { "texture": "#wood" },
				"east": { "texture": "#wood" }
			}
		},
		{
			"__comment": "Box15",
			"from": [ 7, 0, 13 ],
			"to": [ 10, 1, 15 ],
			"faces": {
				"down": { "texture": "#wood" },
				"up": { "texture": "#rail" },
				"north": { "texture": "#wood" },
				"south": { "texture": "#wood" },
				"west": { "texture": "#wood" },
				"east": { "texture": "#wood" }
			}
		},
		{
			"__comment": "Box16",
			"from": [ 4, 0, 12 ],
			"to": [ 7, 1, 14 ],
			"faces": {
				"down": { "texture": "#wood" },
				"up": { "texture": "#rail" },
				"north": { "texture": "#wood" },
				"south": { "texture": "#wood" },
				"west": { "texture": "#wood" },
				"east": { "texture": "#wood" }
			}
		},
		{
			"__comment": "Box17",
			"from": [ 1, 0, 11 ],
			"to": [ 4, 1, 13 ],
			"faces": {
				"down": { "texture": "#wood" },
				"up": { "texture": "#rail" },
				"north": { "texture": "#wood" },
				"south": { "texture": "#wood" },
				"west": { "texture": "#wood" },
				"east": { "texture": "#wood" }
			}
		},
		{
			"__comment": "Box17",
			"from": [ 14, 0, 15 ],
			"to": [ 15, 1, 16 ],
			"faces": {
				"down": { "texture": "#wood" },
				"up": { "texture": "#rail" },
				"north": { "texture": "#wood" },
				"south": { "texture": "#wood" },
				"west": { "texture": "#wood" },
				"east": { "texture": "#wood" }
			}
		},
		{
			"__comment": "Box18",
			"from": [ 12, 0, 11 ],
			"to": [ 13, 1, 12 ],
			"faces": {
				"down": { "texture": "#wood" },
				"up": { "texture": "#rail" },
				"north": { "texture": "#wood" },
				"south": { "texture": "#wood" },
				"west": { "texture": "#wood" },
				"east": { "texture": "#wood" }
			}
		},
		{
			"__comment": "Box19",
			"from": [ 10, 0, 10 ],
			"to": [ 12, 1, 12 ],
			"faces": {
				"down": { "texture": "#wood" },
				"up": { "texture": "#rail" },
				"north": { "texture": "#wood" },
				"south": { "texture": "#wood" },
				"west": { "texture": "#wood" },
				"east": { "texture": "#wood" }
			}
		},
		{
			"__comment": "Box20",
			"from": [ 9, 0, 10 ],
			"to": [ 10, 1, 11 ],
			"faces": {
				"down": { "texture": "#wood" },
				"up": { "texture": "#rail" },
				"north": { "texture": "#wood" },
				"south": { "texture": "#wood" },
				"west": { "texture": "#wood" },
				"east": { "texture": "#wood" }
			}
		},
		{
			"__comment": "Box21",
			"from": [ 10, 0, 9 ],
			"to": [ 11, 1, 10 ],
			"faces": {
				"down": { "texture": "#wood" },
				"up": { "texture": "#rail" },
				"north": { "texture": "#wood" },
				"south": { "texture": "#wood" },
				"west": { "texture": "#wood" },
				"east": { "texture": "#wood" }
			}
		},
		{
			"__comment": "Box22",
			"from": [ 8, 0, 8 ],
			"to": [ 10, 1, 10 ],
			"faces": {
				"down": { "texture": "#wood" },
				"up": { "texture": "#rail" },
				"north": { "texture": "#wood" },
				"south": { "texture": "#wood" },
				"west": { "texture": "#wood" },
				"east": { "texture": "#wood" }
			}
		},
		{
			"__comment": "Box23",
			"from": [ 7, 0, 8 ],
			"to": [ 8, 1, 9 ],
			"faces": {
				"down": { "texture": "#wood" },
				"up": { "texture": "#rail" },
				"north": { "texture": "#wood" },
				"south": { "texture": "#wood" },
				"west": { "texture": "#wood" },
				"east": { "texture": "#wood" }
			}
		},
		{
			"__comment": "Box24",
			"from": [ 8, 0, 7 ],
			"to": [ 9, 1, 8 ],
			"faces": {
				"down": { "texture": "#wood" },
				"up": { "texture": "#rail" },
				"north": { "texture": "#wood" },
				"south": { "texture": "#wood" },
				"west": { "texture": "#wood" },
				"east": { "texture": "#wood" }
			}
		},
		{
			"__comment": "Box25",
			"from": [ 6, 0, 6 ],
			"to": [ 8, 1, 8 ],
			"faces": {
				"down": { "texture": "#wood" },
				"up": { "texture": "#rail" },
				"north": { "texture": "#wood" },
				"south": { "texture": "#wood" },
				"west": { "texture": "#wood" },
				"east": { "texture": "#wood" }
			}
		},
		{
			"__comment": "Box26",
			"from": [ 5, 0, 6 ],
			"to": [ 6, 1, 7 ],
			"faces": {
				"down": { "texture": "#wood" },
				"up": { "texture": "#rail" },
				"north": { "texture": "#wood" },
				"south": { "texture": "#wood" },
				"west": { "texture": "#wood" },
				"east": { "texture": "#wood" }
			}
		},
		{
			"__comment": "Box27",
			"from": [ 5, 0, 5 ],
			"to": [ 7, 1, 6 ],
			"faces": {
				"down": { "texture": "#wood" },
				"up": { "texture": "#rail" },
				"north": { "texture": "#wood" },
				"south": { "texture": "#wood" },
				"west": { "texture": "#wood" },
				"east": { "texture": "#wood" }
			}
		},
		{
			"__comment": "Box22",
			"from": [ 12, 1, 14 ],
			"to": [ 14, 2, 16 ],
			"faces": {
				"down": { "texture": "#rails" },
				"up": { "texture": "#rail" },
				"north": { "texture": "#rails" },
				"south": { "texture": "#rails" },
				"west": { "texture": "#rails" },
				"east": { "texture": "#rails" }
			}
		},
		{
			"__comment": "Box23",
			"from": [ 14, 1, 12 ],
			"to": [ 16, 2, 14 ],
			"faces": {
				"down": { "texture": "#rails" },
				"up": { "texture": "#rail" },
				"north": { "texture": "#rails" },
				"south": { "texture": "#rails" },
				"west": { "texture": "#rails" },
				"east": { "texture": "#rails" }
			}
		},
		{
			"__comment": "Box24",
			"from": [ 13, 1, 13 ],
			"to": [ 14, 2, 14 ],
			"faces": {
				"down": { "texture": "#rails" },
				"up": { "texture": "#rail" },
				"north": { "texture": "#rails" },
				"south": { "texture": "#rails" },
				"west": { "texture": "#rails" },
				"east": { "texture": "#rails" }
			}
		},
		{
			"__comment": "Box25",
			"from": [ 2, 1, 12 ],
			"to": [ 4, 2, 16 ],
			"faces": {
				"down": { "texture": "#rails" },
				"up": { "texture": "#rail" },
				"north": { "texture": "#rails" },
				"south": { "texture": "#rails" },
				"west": { "texture": "#rails" },
				"east": { "texture": "#rails" }
			}
		},
		{
			"__comment": "Box26",
			"from": [ 3, 1, 10 ],
			"to": [ 5, 2, 12 ],
			"faces": {
				"down": { "texture": "#rails" },
				"up": { "texture": "#rail" },
				"north": { "texture": "#rails" },
				"south": { "texture": "#rails" },
				"west": { "texture": "#rails" },
				"east": { "texture": "#rails" }
			}
		},
		{
			"__comment": "Box27",
			"from": [ 4, 1, 8 ],
			"to": [ 6, 2, 10 ],
			"faces": {
				"down": { "texture": "#rails" },
				"up": { "texture": "#rail" },
				"north": { "texture": "#rails" },
				"south": { "texture": "#rails" },
				"west": { "texture": "#rails" },
				"east": { "texture": "#rails" }
			}
		},
		{
			"__comment": "Box28",
			"from": [ 5, 1, 7 ],
			"to": [ 7, 2, 8 ],
			"faces": {
				"down": { "texture": "#rails" },
				"up": { "texture": "#rail" },
				"north": { "texture": "#rails" },
				"south": { "texture": "#rails" },
				"west": { "texture": "#rails" },
				"east": { "texture": "#rails" }
			}
		},
		{
			"__comment": "Box29",
			"from": [ 6, 1, 6 ],
			"to": [ 8, 2, 7 ],
			"faces": {
				"down": { "texture": "#rails" },
				"up": { "texture": "#rail" },
				"north": { "texture": "#rails" },
				"south": { "texture": "#rails" },
				"west": { "texture": "#rails" },
				"east": { "texture": "#rails" }
			}
		},
		{
			"__comment": "Box30",
			"from": [ 7, 1, 5 ],
			"to": [ 10, 2, 6 ],
			"faces": {
				"down": { "texture": "#rails" },
				"up": { "texture": "#rail" },
				"north": { "texture": "#rails" },
				"south": { "texture": "#rails" },
				"west": { "texture": "#rails" },
				"east": { "texture": "#rails" }
			}
		},
		{
			"__comment": "Box31",
			"from": [ 8, 1, 4 ],
			"to": [ 12, 2, 5 ],
			"faces": {
				"down": { "texture": "#rails" },
				"up": { "texture": "#rail" },
				"north": { "texture": "#rails" },
				"south": { "texture": "#rails" },
				"west": { "texture": "#rails" },
				"east": { "texture": "#rails" }
			}
		},
		{
			"__comment": "Box32",
			"from": [ 10, 1, 3 ],
			"to": [ 16, 2, 4 ],
			"faces": {
				"down": { "texture": "#rails" },
				"up": { "texture": "#rail" },
				"north": { "texture": "#rails" },
				"south": { "texture": "#rails" },
				"west": { "texture": "#rails" },
				"east": { "texture": "#rails" }
			}
		},
		{
			"__comment": "Box33",
			"from": [ 12, 1, 2 ],
			"to": [ 16, 2, 3 ],
			"faces": {
				"down": { "texture": "#rails" },
				"up": { "texture": "#rail" },
				"north": { "texture": "#rails" },
				"south": { "texture": "#rails" },
				"west": { "texture": "#rails" },
				"east": { "texture": "#rails" }
			}
		}
	]
}