{
	"__comment": "Designed by QSKSw with Cubik Studio - https://cubik.studio",
	"textures": {
		"particle": "#texture",
		"texture": "block/sugar_cane"
	},
	"elements": [ 	 
		{
			"__comment": "Box1",
			"from": [ 1, 0, 1 ],
			"to": [ 3, 16, 3 ],
			"faces": {
				"down": { "texture": "#texture", "tintindex": 0 },
				"up": { "texture": "#texture", "tintindex": 0 },
				"north": { "texture": "#texture", "tintindex": 0 },
				"south": { "texture": "#texture", "tintindex": 0 },
				"west": { "texture": "#texture", "tintindex": 0 },
				"east": { "texture": "#texture", "tintindex": 0 }
			}
		},
		{
			"__comment": "Box1",
			"from": [ 5, 0, 5 ],
			"to": [ 7, 16, 7 ],
			"faces": {
				"down": { "texture": "#texture", "tintindex": 0 },
				"up": { "texture": "#texture", "tintindex": 0 },
				"north": { "texture": "#texture", "tintindex": 0 },
				"south": { "texture": "#texture", "tintindex": 0 },
				"west": { "texture": "#texture", "tintindex": 0 },
				"east": { "texture": "#texture", "tintindex": 0 }
			}
		},
		{
			"__comment": "Box1",
			"from": [ 1, 0, 13 ],
			"to": [ 3, 16, 15 ],
			"faces": {
				"down": { "texture": "#texture", "tintindex": 0 },
				"up": { "texture": "#texture", "tintindex": 0 },
				"north": { "texture": "#texture", "tintindex": 0 },
				"south": { "texture": "#texture", "tintindex": 0 },
				"west": { "texture": "#texture", "tintindex": 0 },
				"east": { "texture": "#texture", "tintindex": 0 }
			}
		},
		{
			"__comment": "Box1",
			"from": [ 5, 0, 9 ],
			"to": [ 7, 16, 11 ],
			"faces": {
				"down": { "texture": "#texture", "tintindex": 0 },
				"up": { "texture": "#texture", "tintindex": 0 },
				"north": { "texture": "#texture", "tintindex": 0 },
				"south": { "texture": "#texture", "tintindex": 0 },
				"west": { "texture": "#texture", "tintindex": 0 },
				"east": { "texture": "#texture", "tintindex": 0 }
			}
		},
		{
			"__comment": "Box1",
			"from": [ 9, 0, 9 ],
			"to": [ 11, 16, 11 ],
			"faces": {
				"down": { "texture": "#texture", "tintindex": 0 },
				"up": { "texture": "#texture", "tintindex": 0 },
				"north": { "texture": "#texture", "tintindex": 0 },
				"south": { "texture": "#texture", "tintindex": 0 },
				"west": { "texture": "#texture", "tintindex": 0 },
				"east": { "texture": "#texture", "tintindex": 0 }
			}
		},
		{
			"__comment": "Box1",
			"from": [ 9, 0, 5 ],
			"to": [ 11, 16, 7 ],
			"faces": {
				"down": { "texture": "#texture", "tintindex": 0 },
				"up": { "texture": "#texture", "tintindex": 0 },
				"north": { "texture": "#texture", "tintindex": 0 },
				"south": { "texture": "#texture", "tintindex": 0 },
				"west": { "texture": "#texture", "tintindex": 0 },
				"east": { "texture": "#texture", "tintindex": 0 }
			}
		},
		{
			"__comment": "Box1",
			"from": [ 13, 0, 1 ],
			"to": [ 15, 16, 3 ],
			"faces": {
				"down": { "texture": "#texture", "tintindex": 0 },
				"up": { "texture": "#texture", "tintindex": 0 },
				"north": { "texture": "#texture", "tintindex": 0 },
				"south": { "texture": "#texture", "tintindex": 0 },
				"west": { "texture": "#texture", "tintindex": 0 },
				"east": { "texture": "#texture", "tintindex": 0 }
			}
		},
		{
			"__comment": "Box1",
			"from": [ 13, 0, 13 ],
			"to": [ 15, 16, 15 ],
			"faces": {
				"down": { "texture": "#texture", "tintindex": 0 },
				"up": { "texture": "#texture", "tintindex": 0 },
				"north": { "texture": "#texture", "tintindex": 0 },
				"south": { "texture": "#texture", "tintindex": 0 },
				"west": { "texture": "#texture", "tintindex": 0 },
				"east": { "texture": "#texture", "tintindex": 0 }
			}
		}
	]
}