{
	"__comment": "Designed by QSKSw with Cubik Studio - https://cubik.studio",
	"parent": "block/block",
	"textures": {
		"particle": "block/black_stained_glass",
		"front": "block/sunglasses_front",
		"side": "block/sunglasses_side"
	},
	"elements": [ 	 
		{
			"__comment": "Box1",
			"from": [ 0.5, 0.5, 0.5 ],
			"to": [ 15.5, 15.5, 15.5 ],
			"faces": {
				"north": { "uv": [ 0, 0, 16, 16 ], "texture": "#front" },
				"west": { "uv": [ 16, 0, 0, 16 ], "texture": "#side" },
				"east": { "uv": [ 0, 0, 16, 16 ], "texture": "#side" }
			}
		}
	]
}