{
	"__comment": "Designed by QSKSw with Cubik Studio - https://cubik.studio",
	"ambientocclusion": false,
	"textures": {
		"particle": "#rail",
		"wood": "block/oak_planks",
		"rails": "block/iron_block_dark"	
    },
	"elements": [ 	 
		{
			"__comment": "Box2",
			"from": [ 2, 1, 0 ],
			"to": [ 4, 2, 16 ],
			"rotation": {
                "origin": [ 8, 2, 16 ],
                "axis": "x",
                "angle": 45,
                "rescale": true
            },
			"faces": {
				"down": { "texture": "#rails" },
				"up": { "texture": "#rail" },
				"north": { "texture": "#rails" },
				"south": { "texture": "#rails" },
				"west": { "texture": "#rails" },
				"east": { "texture": "#rails" }
			}
		},
		{
			"__comment": "Box3",
			"from": [ 12, 1, 0 ],
			"to": [ 14, 2, 16 ],
			"rotation": {
                "origin": [ 8, 2, 16 ],
                "axis": "x",
                "angle": 45,
                "rescale": true
            },
			"faces": {
				"down": { "texture": "#rails" },
				"up": { "texture": "#rail" },
				"north": { "texture": "#rails" },
				"south": { "texture": "#rails" },
				"west": { "texture": "#rails" },
				"east": { "texture": "#rails" }
			}
		},
		{
			"__comment": "Box4",
			"from": [ 1, 0, 1 ],
			"to": [ 15, 1, 3 ],
			"rotation": {
                "origin": [ 8, 2, 16 ],
                "axis": "x",
                "angle": 45,
                "rescale": true
            },
			"faces": {
				"down": { "texture": "#wood" },
				"up": { "texture": "#rail" },
				"north": { "texture": "#wood" },
				"south": { "texture": "#wood" },
				"west": { "texture": "#wood" },
				"east": { "texture": "#wood" }
			}
		},
		{
			"__comment": "Box5",
			"from": [ 1, 0, 5 ],
			"to": [ 15, 1, 7 ],
			"rotation": {
                "origin": [ 8, 2, 16 ],
                "axis": "x",
                "angle": 45,
                "rescale": true
            },
			"faces": {
				"down": { "texture": "#wood" },
				"up": { "texture": "#rail" },
				"north": { "texture": "#wood" },
				"south": { "texture": "#wood" },
				"west": { "texture": "#wood" },
				"east": { "texture": "#wood" }
			}
		},
		{
			"__comment": "Box6",
			"from": [ 1, 0, 9 ],
			"to": [ 15, 1, 11 ],
			"rotation": {
                "origin": [ 8, 2, 16 ],
                "axis": "x",
                "angle": 45,
                "rescale": true
            },
			"faces": {
				"down": { "texture": "#wood" },
				"up": { "texture": "#rail" },
				"north": { "texture": "#wood" },
				"south": { "texture": "#wood" },
				"west": { "texture": "#wood" },
				"east": { "texture": "#wood" }
			}
		},
		{
			"__comment": "Box7",
			"from": [ 1, 0, 13 ],
			"to": [ 15, 1, 15 ],
			"rotation": {
                "origin": [ 8, 2, 16 ],
                "axis": "x",
                "angle": 45,
                "rescale": true
            },
			"faces": {
				"down": { "texture": "#wood" },
				"up": { "texture": "#rail" },
				"north": { "texture": "#wood" },
				"south": { "texture": "#wood" },
				"west": { "texture": "#wood" },
				"east": { "texture": "#wood" }
			}
		}
	]
}