{
	"__comment": "Designed by QSKSw with Cubik Studio - https://cubik.studio",
	"parent": "block/hopper_inventory",
	"textures": {
		"particle": "block/witch_hat_front",
		"front": "block/witch_hat_front",
		"side": "block/witch_hat_side",
		"bottom": "block/witch_hat_bottom",
		"top": "block/witch_hat_top"
	},
	"elements": [ 	 
		{
			"__comment": "Box1",
			"from": [ 0, 0, 0 ],
			"to": [ 16, 4, 16 ],
			"faces": {
				"down": { "uv": [ 0, 0, 16, 16 ], "texture": "#bottom" },
				"up": { "uv": [ 0, 0, 16, 16 ], "texture": "#top" },
				"north": { "uv": [ 0, 12, 16, 16 ], "texture": "#front" },
				"south": { "uv": [ 0, 12, 16, 16 ], "texture": "#side" },
				"west": { "uv": [ 0, 12, 16, 16 ], "texture": "#side" },
				"east": { "uv": [ 0, 12, 16, 16 ], "texture": "#side" }
			}
		},
		{
			"__comment": "Box2",
			"from": [ 2.5, 4, 2.5 ],
			"to": [ 13.5, 9, 13.5 ],
			"faces": {
				"down": { "uv": [ 2.5, 2.5, 13.5, 13.5 ], "texture": "#bottom" },
				"up": { "uv": [ 2.5, 2.5, 13.5, 13.5 ], "texture": "#top" },
				"north": { "uv": [ 2.5, 7, 13.5, 12 ], "texture": "#front" },
				"south": { "uv": [ 2.5, 7, 13.5, 12 ], "texture": "#side" },
				"west": { "uv": [ 2.5, 7, 13.5, 12 ], "texture": "#side" },
				"east": { "uv": [ 2.5, 7, 13.5, 12 ], "texture": "#side" }
			}
		},
		{
			"__comment": "Box3",
			"from": [ 5, 8.7, 5 ],
			"to": [ 11, 12.7, 11 ],
			"faces": {
				"down": { "uv": [ 5, 5, 11, 11 ], "texture": "#bottom" },
				"up": { "uv": [ 5, 5, 11, 11 ], "texture": "#top" },
				"north": { "uv": [ 5, 3, 11, 7 ], "texture": "#front" },
				"south": { "uv": [ 5, 3, 11, 7 ], "texture": "#side" },
				"west": { "uv": [ 5, 3, 11, 7 ], "texture": "#side" },
				"east": { "uv": [ 5, 3, 11, 7 ], "texture": "#side" }
			}
		},
		{
			"__comment": "Box4",
			"from": [ 6.5, 12, 6.5 ],
			"to": [ 9.5, 15, 9.5 ],
			"rotation": { "origin": [ 8, 12, 8 ], "axis": "z", "angle": 22.5, "rescale": true },
			"faces": {
				"down": { "uv": [ 7, 7, 9, 9 ], "texture": "#bottom" },
				"up": { "uv": [ 7, 7, 9, 9 ], "texture": "#top" },
				"north": { "uv": [ 7, 0, 9, 3 ], "texture": "#front" },
				"south": { "uv": [ 7, 0, 9, 3 ], "texture": "#side" },
				"west": { "uv": [ 7, 0, 9, 3 ], "texture": "#side" },
				"east": { "uv": [ 7, 0, 9, 3 ], "texture": "#side" }
			}
		}
	],
	"display": {
		"thirdperson_righthand": {
			"rotation":  [ 75, 45, 0 ],
			"translation":  [ 0, 2.5, 0 ],
			"scale":  [ 0.375, 0.375, 0.375 ]
		},
		"firstperson_righthand": {
			"rotation":  [ 0, 135, 0 ],
			"translation":  [ 0, 2, 0.5 ],
			"scale":  [ 0.4, 0.4, 0.4 ]
		},
		"gui": {
			"rotation":  [ 30, 225, 0 ],
			"translation":  [ 0, 1.5, 0 ],
			"scale":  [ 0.625, 0.625, 0.625 ]
		},
		"head": {
			"translation":  [ 0, 11.5, 0 ]
		},
		"ground": {
			"rotation":  [ 0, 0, 0 ],
			"translation":  [ 0, 3, 0 ],
			"scale":  [ 0.35, 0.35, 0.35 ]
		},
		"fixed": {
			"rotation":  [ 0, 0, 0 ],
			"scale":  [ 0.75, 0.75, 0.75 ]
		}
	}
}