{
    "parent": "item/template_skull",
    "display": {
        "gui": {
            "rotation": [ 0, 0, 0 ],
			"translation": [ 0, 0, 0 ],
            "scale": [ 1, 1, 1 ]
        },
        "thirdperson_righthand": {
            "rotation": [ 75, 225, 0 ],
            "translation": [ 0.5, 1.5, 0.5 ],
            "scale": [ 0.475, 0.475, 0.475 ]
        },
        "firstperson_righthand": {
            "rotation": [ 0, 315, 0 ],
            "translation": [ 0, 4.25, 0 ],
            "scale": [ 0.5, 0.5, 0.5 ]
        }
    }
}
