{
    "parent": "builtin/entity",
	"gui_light": "front",
    "textures": {
        "particle": "block/soul_sand"
    },
    "display": {
        "gui": {
            "rotation": [ 0, 0, 0 ],
            "translation": [ 0, 7.6, 0 ],
            "scale": [ 1.9, 1.9, 1.9 ]
        },
        "fixed": {
            "rotation": [ 0, 180, 0 ],
            "translation": [ 0, 4, 0],
            "scale":[ 1, 1, 1 ]
        },
        "ground": {
            "rotation": [ 0, 0, 0 ],
            "translation": [ 0, 3, 0 ],
            "scale": [ 0.5, 0.5, 0.5 ]
        },
        "thirdperson_righthand": {
            "rotation": [ 75, 225, 0 ],
            "translation": [ 0, 2.5, 2 ],
            "scale": [ 0.5, 0.5, 0.5 ]
        },
        "firstperson_righthand": {
            "rotation": [ 0, 315, 0 ],
            "translation": [ 0, 6, 0.5 ],
            "scale": [ 0.80, 0.80, 0.80 ]
        }
    }
}
