{
    "parent": "item/generated",
    "display": {
        "head": {
            "rotation": [ 0, 0, -45 ],
            "translation": [ 0, -4.5, -6.5],
            "scale":[ 0.75, 0.75, 0.75 ]
        },
		"gui": {
            "rotation": [ 0, 0, 0 ],
            "translation": [ -0.5, 0, 0 ],
            "scale":[ 1, 1, 1 ]
        },
        "firstperson_righthand": {
            "rotation": [ 180, -90, 25 ],
            "translation": [ 1.13, 3.2, 1.13 ],
            "scale": [ 0.68, 0.68, 0.68 ]
        },
        "firstperson_lefthand": {
            "rotation": [ 180, 90, -25 ],
            "translation": [ 1.13, 3.2, 1.13 ],
            "scale": [ 0.68, 0.68, 0.68 ]
        },
		"thirdperson_righthand": {
            "rotation": [ 180, -90, 55 ],
            "translation": [ -1, 4.5, 1.25 ],
            "scale": [ 0.70, 0.70, 0.70 ]
        },
        "thirdperson_lefthand": {
            "rotation": [ 180, 90, -55 ],
            "translation": [ -1, 4.5, 1.25 ],
            "scale": [ 0.70, 0.70, 0.70 ]
        }
    }
}
