 {
    "custom.traincall": {
        "category": "block",
        "sounds": [
            {
                "name": "custom/traincall",
                "stream": false
            }
        ]
     },
    "custom.trainarrive": {
        "category": "block",
        "sounds": [
            {
                "name": "custom/trainarrive",
                "stream": false
            }
        ]
    },
    "custom.horsemeister": {
        "category": "hostile",
        "sounds": [
            {
                "name": "custom/horsemeister",
                "stream": false
            }
        ]
    },
    "custom.forkmeister": {
        "category": "hostile",
        "sounds": [
            {
                "name": "custom/forkmeister",
                "stream": false
            }
        ]
    },
    "custom.crystalwarp": {
        "category": "block",
        "sounds": [
            {
                "name": "custom/crystalwarp",
                "stream": false
            }
        ]
    },
    "custom.crystalwarpexit": {
        "category": "block",
        "sounds": [
            {
                "name": "custom/crystalwarpexit",
                "stream": false
            }
        ]
    },
    "custom.warpspace": {
        "category": "block",
        "sounds": [
            {
                "name": "custom/warpspace",
                "stream": true
            }
        ]
    },
    "bgm.robotnikradio": {
        "category": "record",
        "sounds": [
            {
                "name": "bgm/robotnikradio",
                "stream": true
            }
        ]
    },
    "custom.silence": {
        "category": "record",
        "sounds": [
            {
                "name": "custom/silence",
                "stream": true
            }
        ]
    },
    "custom.maskchange": {
        "category": "block",
        "sounds": [
            {
                "name": "custom/maskchange",
                "stream": false
            }
        ]
    },
    "custom.metalclang": {
        "category": "block",
        "sounds": [
            {
                "name": "custom/metalclang",
                "stream": false
            }
        ]
    },
    "custom.bridgegears": {
        "category": "block",
        "sounds": [
            {
                "name": "custom/bridgegears",
                "stream": true
            }
        ]
    },
    "custom.wintrynightas": {
        "category": "hostile",
        "sounds": [
            {
                "name": "custom/wintrynightas",
                "stream": false
            }
        ]
    },
    "custom.scratch": {
        "category": "record",
        "sounds": [
            {
                "name": "custom/scratch",
                "stream": false
            }
        ]
    },
    "custom.forkalert": {
        "category": "block",
        "sounds": [
            {
                "name": "custom/forkalert",
                "stream": false
            }
        ]
    },
	"item.trident.riptide_1": {
		"sounds": [
		"item/trident/riptide1",
		"item/trident/riptide2",
		"item/trident/riptide3"
		]
	},
	"item.trident.riptide_2": {
		"sounds": [
		"item/trident/riptide1",
		"item/trident/riptide2",
		"item/trident/riptide3"
		]
	},
	"item.trident.riptide_3": {
		"sounds": [
		"item/trident/riptide1",
		"item/trident/riptide2",
		"item/trident/riptide3"
		]
	}
}