{
	"__comment": "Designed by QSKSw with Cubik Studio - https://cubik.studio",
	"ambientocclusion": false,
	"textures": {
		"particle": "block/flower_pot",
		"flowerpot": "block/flower_pot",
		"dirt": "block/dirt"
	},
	"elements": [ 	 
		{
			"from": [ 4, 4, 4 ],
			"to": [ 5, 6, 12 ],
			"faces": {
				"down": { "texture": "#flowerpot" },
				"up": { "texture": "#flowerpot" },
				"north": { "texture": "#flowerpot" },
				"south": { "texture": "#flowerpot" },
				"west": { "texture": "#flowerpot" },
				"east": { "texture": "#flowerpot" }
			}
		},
		{
			"from": [ 5, 0, 5 ],
			"to": [ 11, 5, 11 ],
			"faces": {
				"down": { "texture": "#flowerpot" },
				"up": { "texture": "#dirt" },
				"north": { "texture": "#flowerpot" },
				"south": { "texture": "#flowerpot" },
				"west": { "texture": "#flowerpot" },
				"east": { "texture": "#flowerpot" }
			}
		},
		{
			"from": [ 5, 4, 4 ],
			"to": [ 11, 6, 5 ],
			"faces": {
				"down": { "texture": "#flowerpot" },
				"up": { "texture": "#flowerpot" },
				"north": { "texture": "#flowerpot" },
				"south": { "texture": "#flowerpot" },
				"west": { "texture": "#flowerpot" },
				"east": { "texture": "#flowerpot" }
			}
		},
		{
			"from": [ 5, 4, 11 ],
			"to": [ 11, 6, 12 ],
			"faces": {
				"down": { "texture": "#flowerpot" },
				"up": { "texture": "#flowerpot" },
				"north": { "texture": "#flowerpot" },
				"south": { "texture": "#flowerpot" },
				"west": { "texture": "#flowerpot" },
				"east": { "texture": "#flowerpot" }
			}
		},
		{
			"from": [ 11, 4, 4 ],
			"to": [ 12, 6, 12 ],
			"faces": {
				"down": { "texture": "#flowerpot" },
				"up": { "texture": "#flowerpot" },
				"north": { "texture": "#flowerpot" },
				"south": { "texture": "#flowerpot" },
				"west": { "texture": "#flowerpot" },
				"east": { "texture": "#flowerpot" }
			}
		}
	]
}