{
    "ambientocclusion": false,
    "textures": {
        "particle": "block/flower_pot",
        "flowerpot": "block/flower_pot",
        "dirt": "block/dirt",
        "bamboo": "block/bamboo_stalk",
        "leaf": "block/bamboo_singleleaf"
    },
    "elements": [
		{
			"from": [ 4, 4, 4 ],
			"to": [ 5, 6, 12 ],
			"faces": {
				"down": { "texture": "#flowerpot" },
				"up": { "texture": "#flowerpot" },
				"north": { "texture": "#flowerpot" },
				"south": { "texture": "#flowerpot" },
				"west": { "texture": "#flowerpot" },
				"east": { "texture": "#flowerpot" }
			}
		},
		{
			"from": [ 5, 0, 5 ],
			"to": [ 11, 5, 11 ],
			"faces": {
				"down": { "texture": "#flowerpot" },
				"up": { "texture": "#dirt" },
				"north": { "texture": "#flowerpot" },
				"south": { "texture": "#flowerpot" },
				"west": { "texture": "#flowerpot" },
				"east": { "texture": "#flowerpot" }
			}
		},
		{
			"from": [ 5, 4, 4 ],
			"to": [ 11, 6, 5 ],
			"faces": {
				"down": { "texture": "#flowerpot" },
				"up": { "texture": "#flowerpot" },
				"north": { "texture": "#flowerpot" },
				"south": { "texture": "#flowerpot" },
				"west": { "texture": "#flowerpot" },
				"east": { "texture": "#flowerpot" }
			}
		},
		{
			"from": [ 5, 4, 11 ],
			"to": [ 11, 6, 12 ],
			"faces": {
				"down": { "texture": "#flowerpot" },
				"up": { "texture": "#flowerpot" },
				"north": { "texture": "#flowerpot" },
				"south": { "texture": "#flowerpot" },
				"west": { "texture": "#flowerpot" },
				"east": { "texture": "#flowerpot" }
			}
		},
		{
			"from": [ 11, 4, 4 ],
			"to": [ 12, 6, 12 ],
			"faces": {
				"down": { "texture": "#flowerpot" },
				"up": { "texture": "#flowerpot" },
				"north": { "texture": "#flowerpot" },
				"south": { "texture": "#flowerpot" },
				"west": { "texture": "#flowerpot" },
				"east": { "texture": "#flowerpot" }
			}
		},
        {   "from": [ 7, 0, 7 ],
            "to": [ 9, 16, 9 ],
            "faces": {
                "down":  { "uv": [ 13, 4, 15, 6 ], "texture": "#bamboo", "cullface": "down" },
                "up":    { "uv": [ 13, 0, 15, 2], "texture": "#bamboo", "cullface": "up" },
                "north": { "uv": [ 6, 0, 8, 16 ], "texture": "#bamboo" },
                "south": { "uv": [ 6, 0, 8, 16 ], "texture": "#bamboo" },
                "west":  { "uv": [  6, 0, 8, 16 ], "texture": "#bamboo" },
                "east":  { "uv": [  6, 0, 8, 16 ], "texture": "#bamboo" }
            }
        },
        {   "from": [ 0, 2, 8 ],
            "to": [ 16, 18, 8 ],
            "shade": false,
            "faces": {
                "north": { "uv": [ 0, 0, 16, 16 ], "texture": "#leaf" },
                "south": { "uv": [ 16, 0, 0, 16 ], "texture": "#leaf" }
            }
        }
    ]
}
