{
	"__comment": "Designed by QSKSw with Cubik Studio - https://cubik.studio",
	"ambientocclusion": false,
	"textures": {
		"particle": "#rail",
		"wood": "block/oak_planks",
		"rails": "block/iron_block_dark"	
    },
	"elements": [ 	 
		{
			"__comment": "Box2",
			"from": [ 2, 1, 0 ],
			"to": [ 4, 2, 16 ],
			"faces": {
				"down": { "texture": "#rails" },
				"up": { "texture": "#rail" },
				"north": { "texture": "#rails" },
				"south": { "texture": "#rails" },
				"west": { "texture": "#rails" },
				"east": { "texture": "#rails" }
			}
		},
		{
			"__comment": "Box3",
			"from": [ 12, 1, 0 ],
			"to": [ 14, 2, 16 ],
			"faces": {
				"down": { "texture": "#rails" },
				"up": { "texture": "#rail" },
				"north": { "texture": "#rails" },
				"south": { "texture": "#rails" },
				"west": { "texture": "#rails" },
				"east": { "texture": "#rails" }
			}
		},
		{
			"__comment": "Box4",
			"from": [ 1, 0, 1 ],
			"to": [ 15, 1, 3 ],
			"faces": {
				"down": { "texture": "#wood" },
				"up": { "texture": "#rail" },
				"north": { "texture": "#wood" },
				"south": { "texture": "#wood" },
				"west": { "texture": "#wood" },
				"east": { "texture": "#wood" }
			}
		},
		{
			"__comment": "Box5",
			"from": [ 1, 0, 5 ],
			"to": [ 15, 1, 7 ],
			"faces": {
				"down": { "texture": "#wood" },
				"up": { "texture": "#rail" },
				"north": { "texture": "#wood" },
				"south": { "texture": "#wood" },
				"west": { "texture": "#wood" },
				"east": { "texture": "#wood" }
			}
		},
		{
			"__comment": "Box6",
			"from": [ 1, 0, 9 ],
			"to": [ 15, 1, 11 ],
			"faces": {
				"down": { "texture": "#wood" },
				"up": { "texture": "#rail" },
				"north": { "texture": "#wood" },
				"south": { "texture": "#wood" },
				"west": { "texture": "#wood" },
				"east": { "texture": "#wood" }
			}
		},
		{
			"__comment": "Box7",
			"from": [ 1, 0, 13 ],
			"to": [ 15, 1, 15 ],
			"faces": {
				"down": { "texture": "#wood" },
				"up": { "texture": "#rail" },
				"north": { "texture": "#wood" },
				"south": { "texture": "#wood" },
				"west": { "texture": "#wood" },
				"east": { "texture": "#wood" }
			}
		}
	],
    "gui_light": "front",
    "display": {
        "gui": {
            "rotation": [ 90, 0, 0 ],
            "translation": [ 0, 0, 0 ],
            "scale":[ 1, 1, 1 ]
        },
        "ground": {
            "rotation": [ 90, 0, 0 ],
            "translation": [ 0, 3, 2 ],
            "scale":[ 0.3, 0.4, 0.4 ]
        },
        "fixed": {
            "rotation": [ 0, 0, 0 ],
            "translation": [ 0, 0, -6 ],
            "scale":[ 0.8, 0.8, 0.8 ]
        },
        "thirdperson_righthand": {
            "rotation": [ 90, 0, 90 ],
            "translation": [ -4, 1.8, 0],
            "scale": [ 0.4, 0.4, 0.4 ]
        },
        "firstperson_righthand": {
            "rotation": [ 90, 0, 45 ],
            "translation": [ 0, 2, 0.5 ],
            "scale": [ 0.50, 0.50, 0.50 ]
        },
        "head": {
            "rotation": [ 90, 5, 0 ],
            "translation": [ -0.25, 0, 14.5 ],
            "scale": [ 1, 1, 1 ]
        }
    }
}