{   "parent": "block/block",
    "textures": {
        "particle": "#side"
    },
    "elements": [
        {   "from": [ 0, 0, 0 ],
            "to": [ 16, 8, 16 ],
            "faces": {
                "down":  { "uv": [ 0, 0, 16, 16 ], "texture": "#bottom", "cullface": "down" },
                "up":    { "uv": [ 0, 0, 16, 16 ], "texture": "#top" },
                "north": { "uv": [ 0, 8, 16, 16 ], "texture": "#side", "cullface": "north" },
                "south": { "uv": [ 0, 8, 16, 16 ], "texture": "#side", "cullface": "south" },
                "west":  { "uv": [ 0, 8, 16, 16 ], "texture": "#side", "cullface": "west" },
                "east":  { "uv": [ 0, 8, 16, 16 ], "texture": "#side", "cullface": "east" }
            }
        }
    ],
	"gui_light": "front",
    "display": {
        "gui": {
            "rotation": [ 90, 0, 0 ],
            "translation": [ 0, 0, 0],
            "scale":[ 1, 1, 1 ]
        },
        "ground": {
            "rotation": [ 0, 0, 0 ],
            "translation": [ 0, 3, 0],
            "scale":[ 0.25, 0.25, 0.25 ]
        },
		"fixed": {
			"rotation": [-90, -180, 0],
			"translation": [0, 0, -14.7],
			"scale": [2, 2.09, 2]
		},
        "thirdperson_righthand": {
            "rotation": [ 75, 45, 0 ],
            "translation": [ 0, 2.5, 0],
            "scale": [ 0.375, 0.375, 0.375 ]
        },
        "firstperson_righthand": {
            "rotation": [ 0, 45, 90 ],
            "translation": [ -2, 3, 2 ],
            "scale": [ 0.40, 0.40, 0.40 ]
        }
    }
}
