{
    "parent": "item/generated",
    "textures": {
        "layer0": "item/bleach"
    },
    "display": {
        "thirdperson_righthand": {
            "rotation": [ 0, -90, 0 ],
            "translation": [ 0, -0.5, -1 ],
            "scale": [ 0.55, 0.55, 0.55 ]
        },
		"thirdperson_lefthand": {
            "rotation": [ 0, 90, 0 ],
            "translation": [ 0, -0.5, -1 ],
            "scale": [ 0.55, 0.55, 0.55 ]
        },
        "firstperson_righthand": {
            "rotation": [ 45, -90, 25 ],
            "translation": [ 1.13, 2.5, 1.13],
            "scale": [ 0.68, 0.68, 0.68 ]
        },
        "firstperson_lefthand": {
            "rotation": [ 360, 90, 25 ],
            "translation": [ 1.13, 2.5, 1.13],
            "scale": [ 0.68, 0.68, 0.68 ]
        }
    }
}
