{
	"parent": "item/handheld",
	"textures": {
	"layer0": "item/dungeons_cutlass"
	},
	"display": {
		"thirdperson_righthand": {
			"rotation": [ -30, 90, 55 ],
			"translation": [ 0, 4.0, 0.85 ],
			"scale": [ 1, 1, 1 ]
		},
		"thirdperson_lefthand": {
			"rotation": [ -280, -90, 55 ],
			"translation": [ 0, 4.0, 0.85 ],
			"scale": [ 1, 1, 1 ]
		},
		"firstperson_righthand": {
			"rotation": [ 0, 90, 25 ],
			"translation": [ 1.13, 5.2, 1.13 ],
			"scale": [ 0.68, 0.68, 0.68 ]
		},
		"firstperson_lefthand": {
			"rotation": [ 0, -90, -25 ],
			"translation": [ 1.13, 5.2, 1.13 ],
			"scale": [ 0.68, 0.68, 0.68 ]
		}
	}
}
