{
    "parent": "item/handheld",
	"ambientocclusion": false,
    "textures": {
		"layer0": "item/doom_sword_netherite_blade",
		"layer1": "item/doom_sword_netherite_flames_1",
		"layer2": "item/doom_sword_netherite_flames_2"
    },
    "display": {
        "thirdperson_righthand": {
            "rotation": [ 0, 90, -325 ],
            "translation": [ -1, 4.0, 1.5 ],
            "scale": [ 0.85, 0.85, 0.85 ]
        },
        "thirdperson_lefthand": {
            "rotation": [ 0, -90, 325 ],
            "translation": [ -1, 4.0, 1.5 ],
            "scale": [ 0.85, 0.85, 0.85 ]
        },
        "firstperson_righthand": {
            "rotation": [ 360, -270, 25 ],
            "translation": [ 1.13, 3.2, 1.13 ],
            "scale": [ 0.68, 0.68, 0.68 ]
        },
        "firstperson_lefthand": {
            "rotation": [ 360, 270, -25 ],
            "translation": [ 1.13, 3.2, 1.13 ],
            "scale": [ 0.68, 0.68, 0.68 ]
        }
    }
}

