{
	"parent": "minecraft:block/iron_bars_inventory",
	"gui_light": "front",
    "display": {
        "gui": {
            "rotation": [ 90, 90, -90 ],
            "translation": [ 0, 0, 0],
            "scale":[ 1, 1, 1 ]
        },
        "ground": {
            "rotation": [ 0, 0, 0 ],
            "translation": [ 0, 3, 0],
            "scale":[ 0.25, 0.25, 0.25 ]
        },
		"fixed": {
			"rotation": [ 0, -90, 0 ],
			"translation": [0, 0, 0 ],
			"scale": [ 1, 1, 1 ]
		},
        "thirdperson_righthand": {
            "rotation": [ 75, -45, 0 ],
            "translation": [ 0, 2.5, 0],
            "scale": [ 0.375, 0.375, 0.375 ]
        },
        "firstperson_righthand": {
            "rotation": [ 0, 45, 0 ],
            "translation": [ -2, 3, 2 ],
            "scale": [ 0.40, 0.40, 0.40 ]
        }
    }
}
