{
    "parent": "block/lever_inventory",
	"display": {
        "gui": {
            "rotation": [ 30, 135, 0 ],
            "translation": [ -4, -3.5, 0],
            "scale":[ 1.25, 1.25, 1.25 ]
        },
        "ground": {
            "rotation": [ 0, 0, 0 ],
            "translation": [ 0, 3, 0],
            "scale":[ 0.5, 0.5, 0.5 ]
        },
        "fixed": {
            "rotation": [ 0, 0, 0 ],
            "translation": [ 0, 2, -6],
            "scale":[ 1, 1, 1 ]
        },
        "thirdperson_righthand": {
            "rotation": [ 75, 45, 0 ],
            "translation": [ 0, 2.5, 0],
            "scale": [ 0.375, 0.375, 0.375 ]
        },
        "firstperson_righthand": {
            "rotation": [ 0, 45, 0 ],
            "translation": [ -3, 2, 0 ],
            "scale": [ 0.60, 0.60, 0.60 ]
        }
    }
}