{
    "parent": "item/generated",
    "textures": {
        "layer0": "item/paper"
	},
	"overrides": [
		{"predicate": {"custom_model_data": 1998040427}, "model": "block/yugioh_card_toei"}, 
		{"predicate": {"custom_model_data": 1999030630}, "model": "block/yugioh_card_monster_normal"},
		{"predicate": {"custom_model_data": 2000041801}, "model": "block/yugioh_card_monster_effect"},
		{"predicate": {"custom_model_data": 2000051605}, "model": "block/yugioh_card_monster_fusion"},
		{"predicate": {"custom_model_data": 2000053007}, "model": "block/yugioh_card_spell"},
		{"predicate": {"custom_model_data": 2000081517}, "model": "block/yugioh_card_trap"},
		{"predicate": {"custom_model_data": 2000111430}, "model": "block/yugioh_card_monster_ritual"},
		{"predicate": {"custom_model_data": 2001072465}, "model": "block/yugioh_card_monster_slifer"},
		{"predicate": {"custom_model_data": 2008040201}, "model": "block/yugioh_card_monster_synchro"},
		{"predicate": {"custom_model_data": 2011041101}, "model": "block/yugioh_card_monster_xyz"},
		
		{"predicate": {"custom_model_data": 2014040601}, "model": "block/yugioh_card_monster_pendulum_normal"},
		{"predicate": {"custom_model_data": 2014051105}, "model": "block/yugioh_card_monster_pendulum_effect"},
		{"predicate": {"custom_model_data": 2014060108}, "model": "block/yugioh_card_monster_pendulum_fusion"},
		{"predicate": {"custom_model_data": 2014070613}, "model": "block/yugioh_card_monster_pendulum_ritual"},
		{"predicate": {"custom_model_data": 2014080317}, "model": "block/yugioh_card_monster_pendulum_synchro"},
		{"predicate": {"custom_model_data": 2014090722}, "model": "block/yugioh_card_monster_pendulum_xyz"}
		
  ]
}
