{
    "parent": "item/generated",
    "textures": {
        "layer0": "item/totem_of_undying"
    },
    "overrides": [
		{"predicate": {"custom_model_data": 19911002}, "model": "item/bionicle_plush/vahkiti"},
		{"predicate": {"custom_model_data": 20011002}, "model": "item/amana_volo"},		
		{"predicate": {"custom_model_data": 20038584}, "model": "item/bionicle_plush/hewkii"},
		{"predicate": {"custom_model_data": 20038586}, "model": "item/bionicle_plush/macku"},
		{"predicate": {"custom_model_data": 20080922}, "model": "item/1up_kirby"}
	]
}
