{
	"__comment": "Designed by QSKSw with Cubik Studio - https://cubik.studio",
	"ambientocclusion": false,
	"textures": {
		"particle": "#rail",
		"wood": "block/oak_planks",
		"rails": "block/iron_block_dark",
		"rail": "block/activator_rail",
		"redstone": "block/redstone_block_dark"
	},
	"elements": [ 	 
		{
			"__comment": "Box16",
			"from": [ 2, 1, 0 ],
			"to": [ 4, 2, 16 ],
			"rotation": {
                "origin": [ 8, 2, 16 ],
                "axis": "x",
                "angle": 45,
                "rescale": true
            },
			"faces": {
				"down": { "uv": [ 2, 0, 4, 16 ], "texture": "#rail" },
				"up": { "uv": [ 2, 0, 4, 16 ], "texture": "#rail" },
				"north": { "uv": [ 12, 14, 14, 15 ], "texture": "#rails" },
				"south": { "uv": [ 2, 14, 4, 15 ], "texture": "#rails" },
				"west": { "uv": [ 0, 14, 16, 15 ], "texture": "#rails" },
				"east": { "uv": [ 0, 14, 16, 15 ], "texture": "#rails" }
			}
		},
		{
			"__comment": "Box16",
			"from": [ 12, 1, 0 ],
			"to": [ 14, 2, 16 ],
			"rotation": {
                "origin": [ 8, 2, 16 ],
                "axis": "x",
                "angle": 45,
                "rescale": true
            },			
			"faces": {
				"down": { "uv": [ 12, 0, 14, 16 ], "texture": "#rail" },
				"up": { "uv": [ 12, 0, 14, 16 ], "texture": "#rail" },
				"north": { "uv": [ 2, 14, 4, 15 ], "texture": "#rails" },
				"south": { "uv": [ 12, 14, 14, 15 ], "texture": "#rails" },
				"west": { "uv": [ 0, 14, 16, 15 ], "texture": "#rails" },
				"east": { "uv": [ 0, 14, 16, 15 ], "texture": "#rails" }
			}
		},
		{
			"__comment": "Box18",
			"from": [ 4, -0.5, 1 ],
			"to": [ 6, 1.5, 3 ],
			"rotation": {
                "origin": [ 8, 2, 16 ],
                "axis": "x",
                "angle": 45,
                "rescale": true
            },
			"faces": {
				"down": { "uv": [ 4, 13, 6, 15 ], "texture": "#redstone" },
				"up": { "uv": [ 4, 1, 6, 3 ], "texture": "#rail" },
				"north": { "uv": [ 10, 14.5, 12, 16 ], "texture": "#redstone" },
				"south": { "uv": [ 4, 14.5, 6, 16 ], "texture": "#redstone" },
				"west": { "uv": [ 1, 14.5, 3, 16 ], "texture": "#redstone" },
				"east": { "uv": [ 13, 14.5, 15, 16 ], "texture": "#redstone" }
			}
		},
		{
			"__comment": "Box18",
			"from": [ 10, -0.5, 1 ],
			"to": [ 12, 1.5, 3 ],
			"rotation": {
                "origin": [ 8, 2, 16 ],
                "axis": "x",
                "angle": 45,
                "rescale": true
            },
			"faces": {
				"down": { "uv": [ 10, 13, 12, 15 ], "texture": "#redstone" },
				"up": { "uv": [ 10, 1, 12, 3 ], "texture": "#rail" },
				"north": { "uv": [ 4, 14.5, 6, 16 ], "texture": "#redstone" },
				"south": { "uv": [ 10, 14.5, 12, 16 ], "texture": "#redstone" },
				"west": { "uv": [ 1, 14.5, 3, 16 ], "texture": "#redstone" },
				"east": { "uv": [ 13, 14.5, 15, 16 ], "texture": "#redstone" }
			}
		},
		{
			"__comment": "Box18",
			"from": [ 10, -0.5, 5 ],
			"to": [ 12, 1.5, 7 ],
			"rotation": {
                "origin": [ 8, 2, 16 ],
                "axis": "x",
                "angle": 45,
                "rescale": true
            },
			"faces": {
				"down": { "uv": [ 10, 9, 12, 11 ], "texture": "#redstone" },
				"up": { "uv": [ 10, 5, 12, 7 ], "texture": "#rail" },
				"north": { "uv": [ 4, 14.5, 6, 16 ], "texture": "#redstone" },
				"south": { "uv": [ 10, 14.5, 12, 16 ], "texture": "#redstone" },
				"west": { "uv": [ 5, 14.5, 7, 16 ], "texture": "#redstone" },
				"east": { "uv": [ 9, 14.5, 11, 16 ], "texture": "#redstone" }
			}
		},
		{
			"__comment": "Box18",
			"from": [ 4, -0.5, 5 ],
			"to": [ 6, 1.5, 7 ],
			"rotation": {
                "origin": [ 8, 2, 16 ],
                "axis": "x",
                "angle": 45,
                "rescale": true
            },
			"faces": {
				"down": { "uv": [ 4, 9, 6, 11 ], "texture": "#redstone" },
				"up": { "uv": [ 4, 5, 6, 7 ], "texture": "#rail" },
				"north": { "uv": [ 10, 14.5, 12, 16 ], "texture": "#redstone" },
				"south": { "uv": [ 4, 14.5, 6, 16 ], "texture": "#redstone" },
				"west": { "uv": [ 5, 14.5, 7, 16 ], "texture": "#redstone" },
				"east": { "uv": [ 9, 14.5, 11, 16 ], "texture": "#redstone" }
			}
		},
		{
			"__comment": "Box18",
			"from": [ 7, -0.5, 1.5 ],
			"to": [ 9, 0.5, 14.5 ],
			"rotation": {
                "origin": [ 8, 2, 16 ],
                "axis": "x",
                "angle": 45,
                "rescale": true
            },
			"faces": {
				"down": { "uv": [ 7, 7, 9, 9 ], "texture": "#redstone" },
				"up": { "uv": [ 7, 7, 9, 9 ], "texture": "#rail" },
				"north": { "uv": [ 7, 15.5, 9, 16 ], "texture": "#redstone" },
				"south": { "uv": [ 7, 15.5, 9, 16 ], "texture": "#redstone" },
				"west": { "uv": [ 7, 15.5, 9, 16 ], "texture": "#redstone" },
				"east": { "uv": [ 7, 15.5, 9, 16 ], "texture": "#redstone" }
			}
		},
		{
			"__comment": "Box18",
			"from": [ 4, -0.5, 9 ],
			"to": [ 6, 1.5, 11 ],
			"rotation": {
                "origin": [ 8, 2, 16 ],
                "axis": "x",
                "angle": 45,
                "rescale": true
            },
			"faces": {
				"down": { "uv": [ 4, 5, 6, 7 ], "texture": "#redstone" },
				"up": { "uv": [ 4, 9, 6, 11 ], "texture": "#rail" },
				"north": { "uv": [ 10, 14.5, 12, 16 ], "texture": "#redstone" },
				"south": { "uv": [ 4, 14.5, 6, 16 ], "texture": "#redstone" },
				"west": { "uv": [ 9, 14.5, 11, 16 ], "texture": "#redstone" },
				"east": { "uv": [ 5, 14.5, 7, 16 ], "texture": "#redstone" }
			}
		},
		{
			"__comment": "Box18",
			"from": [ 10, -0.5, 9 ],
			"to": [ 12, 1.5, 11 ],
			"rotation": {
                "origin": [ 8, 2, 16 ],
                "axis": "x",
                "angle": 45,
                "rescale": true
            },
			"faces": {
				"down": { "uv": [ 10, 5, 12, 7 ], "texture": "#redstone" },
				"up": { "uv": [ 10, 9, 12, 11 ], "texture": "#rail" },
				"north": { "uv": [ 4, 14.5, 6, 16 ], "texture": "#redstone" },
				"south": { "uv": [ 10, 14.5, 12, 16 ], "texture": "#redstone" },
				"west": { "uv": [ 9, 14.5, 11, 16 ], "texture": "#redstone" },
				"east": { "uv": [ 5, 14.5, 7, 16 ], "texture": "#redstone" }
			}
		},
		{
			"__comment": "Box18",
			"from": [ 4, -0.5, 13 ],
			"to": [ 6, 1.5, 15 ],
			"rotation": {
                "origin": [ 8, 2, 16 ],
                "axis": "x",
                "angle": 45,
                "rescale": true
            },
			"faces": {
				"down": { "uv": [ 4, 1, 6, 3 ], "texture": "#redstone" },
				"up": { "uv": [ 4, 13, 6, 15 ], "texture": "#rail" },
				"north": { "uv": [ 10, 14.5, 12, 16 ], "texture": "#redstone" },
				"south": { "uv": [ 4, 14.5, 6, 16 ], "texture": "#redstone" },
				"west": { "uv": [ 13, 14.5, 15, 16 ], "texture": "#redstone" },
				"east": { "uv": [ 1, 14.5, 3, 16 ], "texture": "#redstone" }
			}
		},
		{
			"__comment": "Box18",
			"from": [ 10, -0.5, 13 ],
			"to": [ 12, 1.5, 15 ],
			"rotation": {
                "origin": [ 8, 2, 16 ],
                "axis": "x",
                "angle": 45,
                "rescale": true
            },
			"faces": {
				"down": { "uv": [ 10, 1, 12, 3 ], "texture": "#redstone" },
				"up": { "uv": [ 10, 13, 12, 15 ], "texture": "#rail" },
				"north": { "uv": [ 4, 14.5, 6, 16 ], "texture": "#redstone" },
				"south": { "uv": [ 10, 14.5, 12, 16 ], "texture": "#redstone" },
				"west": { "uv": [ 13, 14.5, 15, 16 ], "texture": "#redstone" },
				"east": { "uv": [ 1, 14.5, 3, 16 ], "texture": "#redstone" }
			}
		},
		{
			"__comment": "Box29",
			"from": [ 6, 0, 1 ],
			"to": [ 10, 1, 3 ],
			"rotation": {
                "origin": [ 8, 2, 16 ],
                "axis": "x",
                "angle": 45,
                "rescale": true
            },
			"faces": {
				"down": { "uv": [ 6, 13, 10, 15 ], "texture": "#wood" },
				"up": { "uv": [ 6, 1, 10, 3 ], "texture": "#rail" },
				"north": { "uv": [ 6, 15, 10, 16 ], "texture": "#wood" },
				"south": { "uv": [ 6, 15, 10, 16 ], "texture": "#wood" },
				"west": { "uv": [ 1, 15, 3, 16 ], "texture": "#wood" },
				"east": { "uv": [ 13, 15, 15, 16 ], "texture": "#wood" }
			}
		},
		{
			"__comment": "Box29",
			"from": [ 6, 0, 5 ],
			"to": [ 10, 1, 7 ],
			"rotation": {
                "origin": [ 8, 2, 16 ],
                "axis": "x",
                "angle": 45,
                "rescale": true
            },
			"faces": {
				"down": { "uv": [ 6, 9, 10, 11 ], "texture": "#wood" },
				"up": { "uv": [ 6, 5, 10, 7 ], "texture": "#rail" },
				"north": { "uv": [ 6, 15, 10, 16 ], "texture": "#wood" },
				"south": { "uv": [ 6, 15, 10, 16 ], "texture": "#wood" },
				"west": { "uv": [ 5, 15, 7, 16 ], "texture": "#wood" },
				"east": { "uv": [ 9, 15, 11, 16 ], "texture": "#wood" }
			}
		},
		{
			"__comment": "Box29",
			"from": [ 6, 0, 9 ],
			"to": [ 10, 1, 11 ],
			"rotation": {
                "origin": [ 8, 2, 16 ],
                "axis": "x",
                "angle": 45,
                "rescale": true
            },
			"faces": {
				"down": { "uv": [ 6, 5, 10, 7 ], "texture": "#wood" },
				"up": { "uv": [ 6, 9, 10, 11 ], "texture": "#rail" },
				"north": { "uv": [ 6, 15, 10, 16 ], "texture": "#wood" },
				"south": { "uv": [ 6, 15, 10, 16 ], "texture": "#wood" },
				"west": { "uv": [ 9, 15, 11, 16 ], "texture": "#wood" },
				"east": { "uv": [ 5, 15, 7, 16 ], "texture": "#wood" }
			}
		},
		{
			"__comment": "Box29",
			"from": [ 6, 0, 13 ],
			"to": [ 10, 1, 15 ],
			"rotation": {
                "origin": [ 8, 2, 16 ],
                "axis": "x",
                "angle": 45,
                "rescale": true
            },
			"faces": {
				"down": { "uv": [ 6, 1, 10, 3 ], "texture": "#wood" },
				"up": { "uv": [ 6, 13, 10, 15 ], "texture": "#rail" },
				"north": { "uv": [ 6, 15, 10, 16 ], "texture": "#wood" },
				"south": { "uv": [ 6, 15, 10, 16 ], "texture": "#wood" },
				"west": { "uv": [ 13, 15, 15, 16 ], "texture": "#wood" },
				"east": { "uv": [ 1, 15, 3, 16 ], "texture": "#wood" }
			}
		},
		{
			"__comment": "Box29",
			"from": [ 1, 0, 1 ],
			"to": [ 4, 1, 3 ],
			"rotation": {
                "origin": [ 8, 2, 16 ],
                "axis": "x",
                "angle": 45,
                "rescale": true
            },
			"faces": {
				"down": { "uv": [ 1, 13, 4, 15 ], "texture": "#wood" },
				"up": { "uv": [ 1, 1, 4, 3 ], "texture": "#rail" },
				"north": { "uv": [ 12, 15, 15, 16 ], "texture": "#wood" },
				"south": { "uv": [ 1, 15, 4, 16 ], "texture": "#wood" },
				"west": { "uv": [ 1, 15, 3, 16 ], "texture": "#wood" },
				"east": { "uv": [ 13, 15, 15, 16 ], "texture": "#wood" }
			}
		},
		{
			"__comment": "Box29",
			"from": [ 12, 0, 1 ],
			"to": [ 15, 1, 3 ],
			"rotation": {
                "origin": [ 8, 2, 16 ],
                "axis": "x",
                "angle": 45,
                "rescale": true
            },
			"faces": {
				"down": { "uv": [ 12, 13, 15, 15 ], "texture": "#wood" },
				"up": { "uv": [ 12, 1, 15, 3 ], "texture": "#rail" },
				"north": { "uv": [ 1, 15, 4, 16 ], "texture": "#wood" },
				"south": { "uv": [ 12, 15, 15, 16 ], "texture": "#wood" },
				"west": { "uv": [ 1, 15, 3, 16 ], "texture": "#wood" },
				"east": { "uv": [ 13, 15, 15, 16 ], "texture": "#wood" }
			}
		},
		{
			"__comment": "Box29",
			"from": [ 1, 0, 5 ],
			"to": [ 4, 1, 7 ],
			"rotation": {
                "origin": [ 8, 2, 16 ],
                "axis": "x",
                "angle": 45,
                "rescale": true
            },
			"faces": {
				"down": { "uv": [ 1, 9, 4, 11 ], "texture": "#wood" },
				"up": { "uv": [ 1, 5, 4, 7 ], "texture": "#rail" },
				"north": { "uv": [ 12, 15, 15, 16 ], "texture": "#wood" },
				"south": { "uv": [ 1, 15, 4, 16 ], "texture": "#wood" },
				"west": { "uv": [ 5, 15, 7, 16 ], "texture": "#wood" },
				"east": { "uv": [ 9, 15, 11, 16 ], "texture": "#wood" }
			}
		},
		{
			"__comment": "Box29",
			"from": [ 12, 0, 5 ],
			"to": [ 15, 1, 7 ],
			"rotation": {
                "origin": [ 8, 2, 16 ],
                "axis": "x",
                "angle": 45,
                "rescale": true
            },
			"faces": {
				"down": { "uv": [ 12, 9, 15, 11 ], "texture": "#wood" },
				"up": { "uv": [ 12, 5, 15, 7 ], "texture": "#rail" },
				"north": { "uv": [ 1, 15, 4, 16 ], "texture": "#wood" },
				"south": { "uv": [ 12, 15, 15, 16 ], "texture": "#wood" },
				"west": { "uv": [ 5, 15, 7, 16 ], "texture": "#wood" },
				"east": { "uv": [ 9, 15, 11, 16 ], "texture": "#wood" }
			}
		},
		{
			"__comment": "Box29",
			"from": [ 1, 0, 9 ],
			"to": [ 4, 1, 11 ],
			"rotation": {
                "origin": [ 8, 2, 16 ],
                "axis": "x",
                "angle": 45,
                "rescale": true
            },
			"faces": {
				"down": { "uv": [ 1, 5, 4, 7 ], "texture": "#wood" },
				"up": { "uv": [ 1, 9, 4, 11 ], "texture": "#rail" },
				"north": { "uv": [ 12, 15, 15, 16 ], "texture": "#wood" },
				"south": { "uv": [ 1, 15, 4, 16 ], "texture": "#wood" },
				"west": { "uv": [ 9, 15, 11, 16 ], "texture": "#wood" },
				"east": { "uv": [ 5, 15, 7, 16 ], "texture": "#wood" }
			}
		},
		{
			"__comment": "Box29",
			"from": [ 12, 0, 9 ],
			"to": [ 15, 1, 11 ],
			"rotation": {
                "origin": [ 8, 2, 16 ],
                "axis": "x",
                "angle": 45,
                "rescale": true
            },
			"faces": {
				"down": { "uv": [ 12, 5, 15, 7 ], "texture": "#wood" },
				"up": { "uv": [ 12, 9, 15, 11 ], "texture": "#rail" },
				"north": { "uv": [ 1, 15, 4, 16 ], "texture": "#wood" },
				"south": { "uv": [ 12, 15, 15, 16 ], "texture": "#wood" },
				"west": { "uv": [ 9, 15, 11, 16 ], "texture": "#wood" },
				"east": { "uv": [ 5, 15, 7, 16 ], "texture": "#wood" }
			}
		},
		{
			"__comment": "Box29",
			"from": [ 1, 0, 13 ],
			"to": [ 4, 1, 15 ],
			"rotation": {
                "origin": [ 8, 2, 16 ],
                "axis": "x",
                "angle": 45,
                "rescale": true
            },
			"faces": {
				"down": { "uv": [ 1, 1, 4, 3 ], "texture": "#wood" },
				"up": { "uv": [ 1, 13, 4, 15 ], "texture": "#rail" },
				"north": { "uv": [ 12, 15, 15, 16 ], "texture": "#wood" },
				"south": { "uv": [ 1, 15, 4, 16 ], "texture": "#wood" },
				"west": { "uv": [ 13, 15, 15, 16 ], "texture": "#wood" },
				"east": { "uv": [ 1, 15, 3, 16 ], "texture": "#wood" }
			}
		},
		{
			"__comment": "Box29",
			"from": [ 12, 0, 13 ],
			"to": [ 15, 1, 15 ],
			"rotation": {
                "origin": [ 8, 2, 16 ],
                "axis": "x",
                "angle": 45,
                "rescale": true
            },
			"faces": {
				"down": { "uv": [ 12, 1, 15, 3 ], "texture": "#wood" },
				"up": { "uv": [ 12, 13, 15, 15 ], "texture": "#rail" },
				"north": { "uv": [ 1, 15, 4, 16 ], "texture": "#wood" },
				"south": { "uv": [ 12, 15, 15, 16 ], "texture": "#wood" },
				"west": { "uv": [ 13, 15, 15, 16 ], "texture": "#wood" },
				"east": { "uv": [ 1, 15, 3, 16 ], "texture": "#wood" }
			}
		}
	]
}