{
	"__comment": "Designed by QSKSw with Cubik Studio - https://cubik.studio",
	"ambientocclusion": false,
	"textures": {
		"particle": "block/ladder",
		"supports": "block/oak_log",
		"rungs": "block/old_planks",
		"nails": "block/oak_planks"
	},
	"elements": [ 	 
		{
			"__comment": "Box13",
			"from": [ 2, 0, 15 ],
			"to": [ 4, 16, 16 ],
			"faces": {
				"down": { "texture": "#supports" },
				"up": { "texture": "#supports" },
				"north": { "texture": "#supports" },
				"south": { "texture": "#supports" },
				"west": { "texture": "#supports" },
				"east": { "texture": "#supports" }
			}
		},
		{
			"__comment": "Box13",
			"from": [ 12, 0, 15 ],
			"to": [ 14, 16, 16 ],
			"faces": {
				"down": { "texture": "#supports" },
				"up": { "texture": "#supports" },
				"north": { "texture": "#supports" },
				"south": { "texture": "#supports" },
				"west": { "texture": "#supports" },
				"east": { "texture": "#supports" }
			}
		},
		{
			"__comment": "Box15",
			"from": [ 1, 13, 14 ],
			"to": [ 2, 15, 15 ],
			"faces": {
				"down": { "texture": "#rungs" },
				"up": { "texture": "#rungs" },
				"north": { "texture": "#rungs" },
				"south": { "texture": "#rungs" },
				"west": { "texture": "#rungs" },
				"east": { "texture": "#rungs" }
			}
		},
		{
			"__comment": "Box15",
			"from": [ 1, 1, 14 ],
			"to": [ 2, 3, 15 ],
			"faces": {
				"down": { "texture": "#rungs" },
				"up": { "texture": "#rungs" },
				"north": { "texture": "#rungs" },
				"south": { "texture": "#rungs" },
				"west": { "texture": "#rungs" },
				"east": { "texture": "#rungs" }
			}
		},
		{
			"__comment": "Box15",
			"from": [ 1, 5, 14 ],
			"to": [ 2, 7, 15 ],
			"faces": {
				"down": { "texture": "#rungs" },
				"up": { "texture": "#rungs" },
				"north": { "texture": "#rungs" },
				"south": { "texture": "#rungs" },
				"west": { "texture": "#rungs" },
				"east": { "texture": "#rungs" }
			}
		},
		{
			"__comment": "Box15",
			"from": [ 1, 9, 14 ],
			"to": [ 2, 11, 15 ],
			"faces": {
				"down": { "texture": "#rungs" },
				"up": { "texture": "#rungs" },
				"north": { "texture": "#rungs" },
				"south": { "texture": "#rungs" },
				"west": { "texture": "#rungs" },
				"east": { "texture": "#rungs" }
			}
		},
		{
			"__comment": "Box15",
			"from": [ 4, 13, 14 ],
			"to": [ 12, 15, 15 ],
			"faces": {
				"down": { "texture": "#rungs" },
				"up": { "texture": "#rungs" },
				"north": { "texture": "#rungs" },
				"south": { "texture": "#rungs" },
				"west": { "texture": "#rungs" },
				"east": { "texture": "#rungs" }
			}
		},
		{
			"__comment": "Box15",
			"from": [ 14, 13, 14 ],
			"to": [ 15, 15, 15 ],
			"faces": {
				"down": { "texture": "#rungs" },
				"up": { "texture": "#rungs" },
				"north": { "texture": "#rungs" },
				"south": { "texture": "#rungs" },
				"west": { "texture": "#rungs" },
				"east": { "texture": "#rungs" }
			}
		},
		{
			"__comment": "Box15",
			"from": [ 4, 9, 14 ],
			"to": [ 12, 11, 15 ],
			"faces": {
				"down": { "texture": "#rungs" },
				"up": { "texture": "#rungs" },
				"north": { "texture": "#rungs" },
				"south": { "texture": "#rungs" },
				"west": { "texture": "#rungs" },
				"east": { "texture": "#rungs" }
			}
		},
		{
			"__comment": "Box15",
			"from": [ 4, 5, 14 ],
			"to": [ 12, 7, 15 ],
			"faces": {
				"down": { "texture": "#rungs" },
				"up": { "texture": "#rungs" },
				"north": { "texture": "#rungs" },
				"south": { "texture": "#rungs" },
				"west": { "texture": "#rungs" },
				"east": { "texture": "#rungs" }
			}
		},
		{
			"__comment": "Box15",
			"from": [ 4, 1, 14 ],
			"to": [ 12, 3, 15 ],
			"faces": {
				"down": { "texture": "#rungs" },
				"up": { "texture": "#rungs" },
				"north": { "texture": "#rungs" },
				"south": { "texture": "#rungs" },
				"west": { "texture": "#rungs" },
				"east": { "texture": "#rungs" }
			}
		},
		{
			"__comment": "Box15",
			"from": [ 14, 9, 14 ],
			"to": [ 15, 11, 15 ],
			"faces": {
				"down": { "texture": "#rungs" },
				"up": { "texture": "#rungs" },
				"north": { "texture": "#rungs" },
				"south": { "texture": "#rungs" },
				"west": { "texture": "#rungs" },
				"east": { "texture": "#rungs" }
			}
		},
		{
			"__comment": "Box15",
			"from": [ 14, 5, 14 ],
			"to": [ 15, 7, 15 ],
			"faces": {
				"down": { "texture": "#rungs" },
				"up": { "texture": "#rungs" },
				"north": { "texture": "#rungs" },
				"south": { "texture": "#rungs" },
				"west": { "texture": "#rungs" },
				"east": { "texture": "#rungs" }
			}
		},
		{
			"__comment": "Box15",
			"from": [ 14, 1, 14 ],
			"to": [ 15, 3, 15 ],
			"faces": {
				"down": { "texture": "#rungs" },
				"up": { "texture": "#rungs" },
				"north": { "texture": "#rungs" },
				"south": { "texture": "#rungs" },
				"west": { "texture": "#rungs" },
				"east": { "texture": "#rungs" }
			}
		},
		{
			"__comment": "Box27",
			"from": [ 2, 1, 13.75 ],
			"to": [ 4, 3, 15 ],
			"faces": {
				"down": { "texture": "#nails" },
				"up": { "texture": "#nails" },
				"north": { "texture": "#nails" },
				"south": { "texture": "#nails" },
				"west": { "texture": "#nails" },
				"east": { "texture": "#nails" }
			}
		},
		{
			"__comment": "Box27",
			"from": [ 2, 5, 13.75 ],
			"to": [ 4, 7, 15 ],
			"faces": {
				"down": { "texture": "#nails" },
				"up": { "texture": "#nails" },
				"north": { "texture": "#nails" },
				"south": { "texture": "#nails" },
				"west": { "texture": "#nails" },
				"east": { "texture": "#nails" }
			}
		},
		{
			"__comment": "Box27",
			"from": [ 2, 9, 13.75 ],
			"to": [ 4, 11, 15 ],
			"faces": {
				"down": { "texture": "#nails" },
				"up": { "texture": "#nails" },
				"north": { "texture": "#nails" },
				"south": { "texture": "#nails" },
				"west": { "texture": "#nails" },
				"east": { "texture": "#nails" }
			}
		},
		{
			"__comment": "Box27",
			"from": [ 2, 13, 13.75 ],
			"to": [ 4, 15, 15 ],
			"faces": {
				"down": { "texture": "#nails" },
				"up": { "texture": "#nails" },
				"north": { "texture": "#nails" },
				"south": { "texture": "#nails" },
				"west": { "texture": "#nails" },
				"east": { "texture": "#nails" }
			}
		},
		{
			"__comment": "Box27",
			"from": [ 12, 1, 13.75 ],
			"to": [ 14, 3, 15 ],
			"faces": {
				"down": { "texture": "#nails" },
				"up": { "texture": "#nails" },
				"north": { "texture": "#nails" },
				"south": { "texture": "#nails" },
				"west": { "texture": "#nails" },
				"east": { "texture": "#nails" }
			}
		},
		{
			"__comment": "Box27",
			"from": [ 12, 5, 13.75 ],
			"to": [ 14, 7, 15 ],
			"faces": {
				"down": { "texture": "#nails" },
				"up": { "texture": "#nails" },
				"north": { "texture": "#nails" },
				"south": { "texture": "#nails" },
				"west": { "texture": "#nails" },
				"east": { "texture": "#nails" }
			}
		},
		{
			"__comment": "Box27",
			"from": [ 12, 9, 13.75 ],
			"to": [ 14, 11, 15 ],
			"faces": {
				"down": { "texture": "#nails" },
				"up": { "texture": "#nails" },
				"north": { "texture": "#nails" },
				"south": { "texture": "#nails" },
				"west": { "texture": "#nails" },
				"east": { "texture": "#nails" }
			}
		},
		{
			"__comment": "Box27",
			"from": [ 12, 13, 13.75 ],
			"to": [ 14, 15, 15 ],
			"faces": {
				"down": { "texture": "#nails" },
				"up": { "texture": "#nails" },
				"north": { "texture": "#nails" },
				"south": { "texture": "#nails" },
				"west": { "texture": "#nails" },
				"east": { "texture": "#nails" }
			}
		}
	],
    "gui_light": "front",
    "display": {
        "gui": {
            "rotation": [ 180, 0, 0 ],
            "translation": [ 0, 0, 0 ],
            "scale":[ 1, 1, 1 ]
        },
        "ground": {
            "rotation": [ 0, 0, 0 ],
            "translation": [ 0, 3, -2 ],
            "scale":[ 0.3, 0.4, 0.4 ]
        },
        "fixed": {
            "rotation": [ 0, 0, 0 ],
            "translation": [ 0, 0, -6 ],
            "scale":[ 0.8, 0.8, 0.8 ]
        },
        "thirdperson_righthand": {
            "rotation": [ 0, 90, 0 ],
            "translation": [ -4, 1.8, 0],
            "scale": [ 0.4, 0.4, 0.4 ]
        },
        "firstperson_righthand": {
            "rotation": [ 0, 135, 0 ],
            "translation": [ 0, 2, 0.5 ],
            "scale": [ 0.50, 0.50, 0.50 ]
        },
        "head": {
            "rotation": [ 180, 0, -5 ],
            "translation": [ -0.25, 0, 14.5 ],
            "scale": [ 1, 1, 1 ]
        }
    }
}