{
    "ambientocclusion": false,
    "textures": {
        "particle": "block/flower_pot",
        "flowerpot": "block/flower_pot",
        "dirt": "block/dirt",
        "cactus": "block/cactus_side"
    },
    "elements": [
		{
			"from": [ 4, 4, 4 ],
			"to": [ 5, 6, 12 ],
			"faces": {
				"down": { "texture": "#flowerpot" },
				"up": { "texture": "#flowerpot" },
				"north": { "texture": "#flowerpot" },
				"south": { "texture": "#flowerpot" },
				"west": { "texture": "#flowerpot" },
				"east": { "texture": "#flowerpot" }
			}
		},
		{
			"from": [ 5, 0, 5 ],
			"to": [ 11, 5, 11 ],
			"faces": {
				"down": { "texture": "#flowerpot" },
				"up": { "texture": "#dirt" },
				"north": { "texture": "#flowerpot" },
				"south": { "texture": "#flowerpot" },
				"west": { "texture": "#flowerpot" },
				"east": { "texture": "#flowerpot" }
			}
		},
		{
			"from": [ 5, 4, 4 ],
			"to": [ 11, 6, 5 ],
			"faces": {
				"down": { "texture": "#flowerpot" },
				"up": { "texture": "#flowerpot" },
				"north": { "texture": "#flowerpot" },
				"south": { "texture": "#flowerpot" },
				"west": { "texture": "#flowerpot" },
				"east": { "texture": "#flowerpot" }
			}
		},
		{
			"from": [ 5, 4, 11 ],
			"to": [ 11, 6, 12 ],
			"faces": {
				"down": { "texture": "#flowerpot" },
				"up": { "texture": "#flowerpot" },
				"north": { "texture": "#flowerpot" },
				"south": { "texture": "#flowerpot" },
				"west": { "texture": "#flowerpot" },
				"east": { "texture": "#flowerpot" }
			}
		},
		{
			"from": [ 11, 4, 4 ],
			"to": [ 12, 6, 12 ],
			"faces": {
				"down": { "texture": "#flowerpot" },
				"up": { "texture": "#flowerpot" },
				"north": { "texture": "#flowerpot" },
				"south": { "texture": "#flowerpot" },
				"west": { "texture": "#flowerpot" },
				"east": { "texture": "#flowerpot" }
			}
		},
        {   "from": [ 6, 4, 6 ],
            "to": [ 10, 8, 10 ],
            "faces": {
                "north": { "uv": [ 6, 8, 10, 12 ], "texture": "#cactus" },
                "south": { "uv": [ 6, 8, 10, 12 ], "texture": "#cactus" },
                "west":  { "uv": [ 6, 8, 10, 12 ], "texture": "#cactus" },
                "east":  { "uv": [ 6, 8, 10, 12 ], "texture": "#cactus" }
            }
        },
        {   "from": [ 6, 8, 6 ],
            "to": [ 10, 12, 10 ],
            "faces": {
                "north": { "uv": [ 6, 4, 10, 8 ], "texture": "#cactus" },
                "south": { "uv": [ 6, 4, 10, 8 ], "texture": "#cactus" },
                "west":  { "uv": [ 6, 4, 10, 8 ], "texture": "#cactus" },
                "east":  { "uv": [ 6, 4, 10, 8 ], "texture": "#cactus" }
            }
        },
        {   "from": [ 6, 12, 6 ],
            "to": [ 10, 16, 10 ],
            "faces": {
                "up":    { "uv": [ 6, 6, 10, 10 ], "texture": "#cactus" },
                "north": { "uv": [ 6, 0, 10, 4 ], "texture": "#cactus" },
                "south": { "uv": [ 6, 0, 10, 4 ], "texture": "#cactus" },
                "west":  { "uv": [ 6, 0, 10, 4 ], "texture": "#cactus" },
                "east":  { "uv": [ 6, 0, 10, 4 ], "texture": "#cactus" }
            }
        }
    ]
}
