{
	"__comment": "Designed by QSKSw with Cubik Studio - https://cubik.studio",
	"parent": "block/door_top_rh",
	"textures": {
		"bottom": "block/acacia_door_bottom",
		"top": "block/acacia_door_top",
		"planks": "block/acacia_planks",
		"texture": "#top"
	},
	"elements": [ 	 
		{
			"from": [ 0, 0, 0 ],
			"to": [ 2, 16, 3 ],
			"faces": {
				"up": { "uv": [ 0, 13, 3, 16 ], "texture": "#planks", "rotation": 180 },
				"north": { "uv": [ 0, 0, 3, 16 ], "texture": "#planks" },
				"south": { "uv": [ 13, 0, 16, 16 ], "texture": "#planks" },
				"west": { "uv": [ 16, 0, 13, 16 ], "texture": "#top" },
				"east": { "uv": [ 13, 0, 16, 16 ], "texture": "#top" }
			}
		},
		{
			"from": [ 0, 0, 13 ],
			"to": [ 2, 16, 16 ],
			"faces": {
				"up": { "uv": [ 0, 0, 3, 3 ], "texture": "#planks", "rotation": 180 },
				"north": { "uv": [ 0, 0, 3, 16 ], "texture": "#planks" },
				"south": { "uv": [ 0, 0, 1, 16 ], "texture": "#top" },
				"west": { "uv": [ 3, 0, 0, 16 ], "texture": "#top" },
				"east": { "uv": [ 0, 0, 3, 16 ], "texture": "#top" }
			}
		},
		{
			"__comment": "Box3",
			"from": [ 0, 0, 3 ],
			"to": [ 2, 1, 13 ],
			"faces": {
				"up": { "uv": [ 0, 3, 3, 13 ], "texture": "#planks", "rotation": 180 },
				"west": { "uv": [ 13, 15, 3, 16 ], "texture": "#top" },
				"east": { "uv": [ 3, 15, 13, 16 ], "texture": "#top" }
			}
		},
		{
			"__comment": "Box4",
			"from": [ 0, 13, 3 ],
			"to": [ 2, 16, 13 ],
			"faces": {
				"down": { "uv": [ 0, 3, 3, 13 ], "texture": "#planks", "rotation": 180 },
				"up": { "uv": [ 0, 3, 3, 13 ], "texture": "#planks", "rotation": 180 },
				"west": { "uv": [ 13, 0, 3, 3 ], "texture": "#top" },
				"east": { "uv": [ 3, 0, 13, 3 ], "texture": "#top" }
			}
		},
		{
			"__comment": "Box5",
			"from": [ 0, 1, 9 ],
			"to": [ 2, 13, 11 ],
			"faces": {
				"north": { "uv": [ 0, 3, 3, 15 ], "texture": "#planks" },
				"south": { "uv": [ 13, 3, 16, 15 ], "texture": "#planks" },
				"west": { "uv": [ 7, 3, 5, 15 ], "texture": "#top" },
				"east": { "uv": [ 5, 3, 7, 15 ], "texture": "#top" }
			}
		},
		{
			"__comment": "Box6",
			"from": [ 0, 1, 5 ],
			"to": [ 2, 13, 7 ],
			"faces": {
				"north": { "uv": [ 0, 3, 3, 15 ], "texture": "#planks" },
				"south": { "uv": [ 13, 3, 16, 15 ], "texture": "#planks" },
				"west": { "uv": [ 11, 3, 9, 15 ], "texture": "#top" },
				"east": { "uv": [ 9, 3, 11, 15 ], "texture": "#top" }
			}
		},
		{
			"__comment": "Box7",
			"from": [ 2, 0, 1 ],
			"to": [ 2.5, 1, 4 ],
			"faces": {
				"down": { "uv": [ 15, 15, 12, 16 ], "texture": "#top", "rotation": 270 },
				"up": { "uv": [ 15, 15, 12, 16 ], "texture": "#top", "rotation": 90 },
				"north": { "uv": [ 14, 15, 15, 16 ], "texture": "#top" },
				"south": { "uv": [ 12, 15, 13, 16 ], "texture": "#top" },
				"west": { "uv": [ 15, 15, 12, 16 ], "texture": "#top" },
				"east": { "uv": [ 12, 15, 15, 16 ], "texture": "#top" }
			}
		},
		{
			"__comment": "Box7",
			"from": [ -0.5, 0, 1 ],
			"to": [ 0, 1, 4 ],
			"faces": {
				"down": { "uv": [ 15, 15, 12, 16 ], "texture": "#top", "rotation": 270 },
				"up": { "uv": [ 15, 15, 12, 16 ], "texture": "#top", "rotation": 90 },
				"north": { "uv": [ 14, 15, 15, 16 ], "texture": "#top" },
				"south": { "uv": [ 12, 15, 13, 16 ], "texture": "#top" },
				"west": { "uv": [ 15, 15, 12, 16 ], "texture": "#top" },
				"east": { "uv": [ 12, 15, 15, 16 ], "texture": "#top" }
			}
		}
	]
}