{
	"__comment": "Designed by QSKSw with Cubik Studio - https://cubik.studio",
	"parent": "block/door_bottom",
	"textures": {
		"bottom": "block/acacia_door_bottom",
		"top": "block/acacia_door_top",
		"planks": "block/acacia_planks"
	},
	"elements": [ 	 
		{
			"from": [ 0, 0, 13 ],
			"to": [ 2, 16, 16 ],
			"faces": {
				"down": { "uv": [ 0, 0, 3, 3 ], "texture": "#planks" },
				"north": { "uv": [ 13, 0, 16, 16 ], "texture": "#planks" },
				"south": { "uv": [ 0, 0, 3, 16 ], "texture": "#planks" },
				"west": { "uv": [ 13, 0, 16, 16 ], "texture": "#bottom" },
				"east": { "uv": [ 16, 0, 13, 16 ], "texture": "#bottom" }
			}
		},
		{
			"from": [ 0, 0, 0 ],
			"to": [ 2, 16, 3 ],
			"faces": {
				"down": { "uv": [ 0, 13, 3, 16 ], "texture": "#planks" },
				"north": { "uv": [ 0, 0, 1, 16 ], "texture": "#bottom" },
				"south": { "uv": [ 0, 0, 3, 16 ], "texture": "#planks" },
				"west": { "uv": [ 0, 0, 3, 16 ], "texture": "#bottom" },
				"east": { "uv": [ 3, 0, 0, 16 ], "texture": "#bottom" }
			}
		},
		{
			"__comment": "Box4",
			"from": [ 0, 0, 3 ],
			"to": [ 2, 3, 13 ],
			"faces": {
				"down": { "uv": [ 0, 3, 3, 13 ], "texture": "#planks" },
				"up": { "uv": [ 0, 3, 3, 13 ], "texture": "#planks" },
				"west": { "uv": [ 3, 13, 13, 16 ], "texture": "#bottom" },
				"east": { "uv": [ 13, 13, 3, 16 ], "texture": "#bottom" }
			}
		},
		{
			"__comment": "Box5",
			"from": [ 0, 15, 3 ],
			"to": [ 2, 16, 13 ],
			"faces": {
				"down": { "uv": [ 0, 3, 3, 13 ], "texture": "#planks" },
				"west": { "uv": [ 3, 0, 13, 1 ], "texture": "#bottom" },
				"east": { "uv": [ 13, 0, 3, 1 ], "texture": "#bottom" }
			}
		},
		{
			"__comment": "Box6",
			"from": [ 0, 3, 5 ],
			"to": [ 2, 15, 7 ],
			"faces": {
				"north": { "uv": [ 13, 1, 16, 13 ], "texture": "#planks" },
				"south": { "uv": [ 0, 1, 3, 13 ], "texture": "#planks" },
				"west": { "uv": [ 5, 1, 7, 13 ], "texture": "#bottom" },
				"east": { "uv": [ 7, 1, 5, 13 ], "texture": "#bottom" }
			}
		},
		{
			"__comment": "Box7",
			"from": [ 0, 3, 9 ],
			"to": [ 2, 15, 11 ],
			"faces": {
				"north": { "uv": [ 13, 1, 16, 13 ], "texture": "#planks" },
				"south": { "uv": [ 0, 1, 3, 13 ], "texture": "#planks" },
				"west": { "uv": [ 9, 1, 11, 13 ], "texture": "#bottom" },
				"east": { "uv": [ 11, 1, 9, 13 ], "texture": "#bottom" }
			}
		},
		{
			"__comment": "Box7",
			"from": [ -0.5, 15, 14 ],
			"to": [ 2.5, 16, 15 ],
			"faces": {
				"down": { "uv": [ 14, 0, 15, 1 ], "texture": "#bottom" },
				"up": { "uv": [ 14, 0, 15, 1 ], "texture": "#bottom" },
				"north": { "uv": [ 14, 0, 15, 1 ], "texture": "#bottom" },
				"south": { "uv": [ 14, 0, 15, 1 ], "texture": "#bottom" },
				"west": { "uv": [ 14, 0, 15, 1 ], "texture": "#bottom" },
				"east": { "uv": [ 14, 0, 15, 1 ], "texture": "#bottom" }
			}
		}
	]
}