{
	"__comment": "Designed by QSKSw with Cubik Studio - https://cubik.studio",
	"parent": "block/template_orientable_trapdoor_top",
	"textures": {
		"texture": "block/acacia_trapdoor"
	},
	"elements": [ 	 
		{
			"__comment": "Box4",
			"from": [ 0, 14, 0 ],
			"to": [ 16, 16, 3 ],
			"faces": {
				"down": { "uv": [ 0, 13, 16, 16 ], "texture": "#texture" },
				"up": { "uv": [ 0, 13, 16, 16 ], "texture": "#texture", "rotation": 180 },
				"north": { "uv": [ 16, 2, 0, 0 ], "texture": "#texture" },
				"south": { "uv": [ 16, 2, 0, 0 ], "texture": "#texture" },
				"west": { "uv": [ 13, 0, 16, 2 ], "texture": "#texture", "rotation": 180 },
				"east": { "uv": [ 0, 0, 3, 2 ], "texture": "#texture", "rotation": 180 }
			}
		},
		{
			"__comment": "Box5",
			"from": [ 0, 14, 13 ],
			"to": [ 16, 16, 16 ],
			"faces": {
				"down": { "uv": [ 0, 0, 16, 3 ], "texture": "#texture" },
				"up": { "uv": [ 0, 0, 16, 3 ], "texture": "#texture", "rotation": 180 },
				"north": { "uv": [ 16, 2, 0, 0 ], "texture": "#texture" },
				"south": { "uv": [ 16, 2, 0, 0 ], "texture": "#texture" },
				"west": { "uv": [ 0, 0, 3, 2 ], "texture": "#texture", "rotation": 180 },
				"east": { "uv": [ 13, 0, 16, 2 ], "texture": "#texture", "rotation": 180 }
			}
		},
		{
			"__comment": "Box6",
			"from": [ 14, 14, 3 ],
			"to": [ 16, 16, 13 ],
			"faces": {
				"down": { "uv": [ 16, 3, 14, 13 ], "texture": "#texture", "rotation": 180 },
				"up": { "uv": [ 0, 3, 2, 13 ], "texture": "#texture", "rotation": 180 },
				"north": { "uv": [ 16, 2, 14, 0 ], "texture": "#texture" },
				"south": { "uv": [ 2, 2, 0, 0 ], "texture": "#texture" },
				"west": { "uv": [ 3, 0, 13, 2 ], "texture": "#texture", "rotation": 180 },
				"east": { "uv": [ 3, 0, 13, 2 ], "texture": "#texture", "rotation": 180 }
			}
		},
		{
			"__comment": "Box7",
			"from": [ 9, 14, 3 ],
			"to": [ 12, 16, 13 ],
			"faces": {
				"down": { "uv": [ 12, 3, 9, 13 ], "texture": "#texture", "rotation": 180 },
				"up": { "uv": [ 4, 3, 7, 13 ], "texture": "#texture", "rotation": 180 },
				"north": { "uv": [ 12, 2, 9, 0 ], "texture": "#texture" },
				"south": { "uv": [ 7, 2, 4, 0 ], "texture": "#texture" },
				"west": { "uv": [ 3, 0, 13, 2 ], "texture": "#texture", "rotation": 180 },
				"east": { "uv": [ 3, 0, 13, 2 ], "texture": "#texture", "rotation": 180 }
			}
		},
		{
			"__comment": "Box8",
			"from": [ 4, 14, 3 ],
			"to": [ 7, 16, 13 ],
			"faces": {
				"down": { "uv": [ 7, 3, 4, 13 ], "texture": "#texture", "rotation": 180 },
				"up": { "uv": [ 9, 3, 12, 13 ], "texture": "#texture", "rotation": 180 },
				"north": { "uv": [ 7, 2, 4, 0 ], "texture": "#texture" },
				"south": { "uv": [ 12, 2, 9, 0 ], "texture": "#texture" },
				"west": { "uv": [ 3, 0, 13, 2 ], "texture": "#texture", "rotation": 180 },
				"east": { "uv": [ 3, 0, 13, 2 ], "texture": "#texture", "rotation": 180 }
			}
		},
		{
			"__comment": "Box8",
			"from": [ 0, 14, 3 ],
			"to": [ 2, 16, 13 ],
			"faces": {
				"down": { "uv": [ 2, 3, 0, 13 ], "texture": "#texture", "rotation": 180 },
				"up": { "uv": [ 14, 3, 16, 13 ], "texture": "#texture", "rotation": 180 },
				"north": { "uv": [ 2, 2, 0, 0 ], "texture": "#texture" },
				"south": { "uv": [ 16, 2, 14, 0 ], "texture": "#texture" },
				"west": { "uv": [ 3, 0, 13, 2 ], "texture": "#texture", "rotation": 180 },
				"east": { "uv": [ 3, 0, 13, 2 ], "texture": "#texture", "rotation": 180 }
			}
		},
		{
			"__comment": "Box8",
			"from": [ 5, 13.5, 0 ],
			"to": [ 11, 14, 2 ],
			"faces": {
				"down": { "uv": [ 5, 16, 11, 14 ], "texture": "#texture", "rotation": 180 },
				"up": { "uv": [ 5, 14, 11, 16 ], "texture": "#texture", "rotation": 180 },
				"north": { "uv": [ 11, 16, 5, 15.5 ], "texture": "#texture" },
				"south": { "uv": [ 11, 16, 5, 15.5 ], "texture": "#texture" },
				"west": { "uv": [ 10, 14, 11, 16 ], "texture": "#texture", "rotation": 90 },
				"east": { "uv": [ 5, 14, 6, 16 ], "texture": "#texture", "rotation": 270 }
			}
		},
		{
			"__comment": "Box8",
			"from": [ 5, 16, 0 ],
			"to": [ 11, 16.5, 2 ],
			"faces": {
				"down": { "uv": [ 5, 16, 11, 14 ], "texture": "#texture", "rotation": 180 },
				"up": { "uv": [ 5, 14, 11, 16 ], "texture": "#texture", "rotation": 180 },
				"north": { "uv": [ 11, 16, 5, 15.5 ], "texture": "#texture" },
				"south": { "uv": [ 11, 16, 5, 15.5 ], "texture": "#texture" },
				"west": { "uv": [ 10, 14, 11, 16 ], "texture": "#texture", "rotation": 90 },
				"east": { "uv": [ 5, 14, 6, 16 ], "texture": "#texture", "rotation": 270 }
			}
		}
	]
}