{
	"__comment": "Designed by QSKSw with Cubik Studio - https://cubik.studio",
	"parent": "minecraft:block/block",
	"textures": {
		"particle": "#texture",
		"texture": "entity/illager/vindicator"
	},
	"elements": [ 	 
		{
			"__comment": "Box1",
			"from": [ 0, 0, 0 ],
			"to": [ 16, 16, 16 ],
			"faces": {
				"down": { "uv": [ 12, 0, 14, 2 ], "texture": "#texture" },
				"up": { "uv": [ 10, 0, 12, 2 ], "texture": "#texture" },
				"north": { "uv": [ 10, 2, 12, 4 ], "texture": "#texture" },
				"south": { "uv": [ 14, 2, 16, 4 ], "texture": "#texture" },
				"west": { "uv": [ 12, 2, 14, 4 ], "texture": "#texture" },
				"east": { "uv": [ 8, 2, 10, 4 ], "texture": "#texture" }
			}
		},
		{
			"__comment": "Box2",
			"from": [ -2, 16.5, -0.5 ],
			"to": [ 0, 18.5, 5.5 ],
			"rotation": { "origin": [ -2, 16.5, -0.5 ], "axis": "x", "angle": 45 },
			"faces": {
				"down": { "uv": [ 2, 2, 0, 0 ], "texture": "#texture" },
				"up": { "uv": [ 0, 0, 2, 2 ], "texture": "#texture" },
				"north": { "uv": [ 0.5, 0.5, 0, 0 ], "texture": "#texture" },
				"south": { "uv": [ 1.5, 1.5, 2, 2 ], "texture": "#texture" },
				"west": { "uv": [ 0, 0, 2, 2 ], "texture": "#texture", "rotation": 270 },
				"east": { "uv": [ 0, 0, 2, 2 ], "texture": "#texture", "rotation": 90 }
			}
		},
		{
			"__comment": "Box2",
			"from": [ 16, 16.5, -0.5 ],
			"to": [ 18, 18.5, 5.5 ],
			"rotation": { "origin": [ 16, 16.5, -0.5 ], "axis": "x", "angle": 45 },
			"faces": {
				"down": { "uv": [ 2, 2, 0, 0 ], "texture": "#texture" },
				"up": { "uv": [ 0, 0, 2, 2 ], "texture": "#texture" },
				"north": { "uv": [ 0.5, 0.5, 0, 0 ], "texture": "#texture" },
				"south": { "uv": [ 1.5, 1.5, 2, 2 ], "texture": "#texture" },
				"west": { "uv": [ 0, 0, 2, 2 ], "texture": "#texture", "rotation": 270 },
				"east": { "uv": [ 0, 0, 2, 2 ], "texture": "#texture", "rotation": 90 }
			}
		}
	],
	"display": {
		"head": {
			"translation":  [ 0, 2, 0 ]
		}
	}
}