{
	"__comment": "Designed by QSKSw with Cubik Studio - https://cubik.studio",
	"parent": "block/template_orientable_trapdoor_bottom",
	"textures": {
		"texture": "block/birch_trapdoor"
	},
	"elements": [ 	 
		{
			"from": [ 0, 0, 0 ],
			"to": [ 16, 2, 16 ],
			"faces": {
				"down": { "uv": [ 0, 16, 16, 0 ], "texture": "#texture", "rotation": 180 },
				"up": { "uv": [ 0, 0, 16, 16 ], "texture": "#texture", "rotation": 180 },
				"north": { "uv": [ 0, 0, 16, 2 ], "texture": "#texture" },
				"south": { "uv": [ 0, 0, 16, 2 ], "texture": "#texture" },
				"west": { "uv": [ 0, 0, 16, 2 ], "texture": "#texture" },
				"east": { "uv": [ 0, 0, 16, 2 ], "texture": "#texture" }
			}
		},
		{
			"__comment": "Box2",
			"from": [ 6, -0.5, 1 ],
			"to": [ 10, 2.5, 2 ],
			"faces": {
				"down": { "uv": [ 6, 14, 10, 15 ], "texture": "#texture", "rotation": 180 },
				"up": { "uv": [ 6, 14, 10, 15 ], "texture": "#texture", "rotation": 180 },
				"north": { "uv": [ 6, 14, 10, 15 ], "texture": "#texture" },
				"south": { "uv": [ 10, 14, 6, 15 ], "texture": "#texture" },
				"west": { "uv": [ 6, 14, 7, 15 ], "texture": "#texture" },
				"east": { "uv": [ 9, 14, 10, 15 ], "texture": "#texture" }
			}
		}
	]
}