{
	"__comment": "Designed by QSKSw with Cubik Studio - https://cubik.studio",
	"parent": "block/template_orientable_trapdoor_open",
	"textures": {
		"texture": "block/birch_trapdoor"
	},
	"elements": [ 	 
		{
			"from": [ 0, 0, 14 ],
			"to": [ 16, 16, 16 ],
			"faces": {
				"down": { "uv": [ 16, 2, 0, 0 ], "texture": "#texture", "rotation": 180 },
				"up": { "uv": [ 0, 0, 16, 2 ], "texture": "#texture", "rotation": 180 },
				"north": { "uv": [ 0, 16, 16, 0 ], "texture": "#texture" },
				"south": { "uv": [ 16, 16, 0, 0 ], "texture": "#texture" },
				"west": { "uv": [ 16, 2, 0, 0 ], "texture": "#texture", "rotation": 270 },
				"east": { "uv": [ 16, 2, 0, 0 ], "texture": "#texture", "rotation": 90 }
			}
		},
		{
			"__comment": "Box2",
			"from": [ 6, 14, 13.5 ],
			"to": [ 10, 15, 16.5 ],
			"faces": {
				"down": { "uv": [ 6, 15, 10, 14 ], "texture": "#texture", "rotation": 180 },
				"up": { "uv": [ 6, 14, 10, 15 ], "texture": "#texture", "rotation": 180 },
				"north": { "uv": [ 6, 14, 10, 15 ], "texture": "#texture" },
				"south": { "uv": [ 10, 15, 6, 14 ], "texture": "#texture" },
				"west": { "uv": [ 7, 15, 6, 14 ], "texture": "#texture", "rotation": 270 },
				"east": { "uv": [ 10, 15, 9, 14 ], "texture": "#texture", "rotation": 90 }
			}
		}
	]
}