{
	"__comment": "Designed by QSKSw with Cubik Studio - https://cubik.studio",
	"textures": {
		"particle": "block/brown_mushroom_block",
		"texture": "block/brown_mushroom"
	},
	"elements": [ 	 
		{
			"__comment": "Box1",
			"from": [ 6, 7, 6 ],
			"to": [ 10, 8, 10 ],
			"faces": {
				"up": { "uv": [ 6, 8, 10, 12 ], "texture": "#texture" },
				"north": { "uv": [ 6, 8, 10, 9 ], "texture": "#texture" },
				"south": { "uv": [ 6, 8, 10, 9 ], "texture": "#texture" },
				"west": { "uv": [ 6, 8, 10, 9 ], "texture": "#texture" },
				"east": { "uv": [ 6, 8, 10, 9 ], "texture": "#texture" }
			}
		},
		{
			"__comment": "Box2",
			"from": [ 5, 6, 5 ],
			"to": [ 11, 7, 11 ],
			"faces": {
				"up": { "uv": [ 6, 8, 10, 12 ], "texture": "#texture" },
				"north": { "uv": [ 5, 9, 11, 10 ], "texture": "#texture" },
				"south": { "uv": [ 5, 9, 11, 10 ], "texture": "#texture" },
				"west": { "uv": [ 5, 9, 11, 10 ], "texture": "#texture" },
				"east": { "uv": [ 5, 9, 11, 10 ], "texture": "#texture" }
			}
		},
		{
			"__comment": "Box3",
			"from": [ 4, 4, 4 ],
			"to": [ 12, 6, 12 ],
			"faces": {
				"down": { "uv": [ 6, 8, 10, 12 ], "texture": "#texture" },
				"up": { "uv": [ 6, 8, 10, 12 ], "texture": "#texture" },
				"north": { "uv": [ 4, 10, 12, 12 ], "texture": "#texture" },
				"south": { "uv": [ 4, 10, 12, 12 ], "texture": "#texture" },
				"west": { "uv": [ 4, 10, 12, 12 ], "texture": "#texture" },
				"east": { "uv": [ 4, 10, 12, 12 ], "texture": "#texture" }
			}
		},
		{
			"__comment": "Box4",
			"from": [ 7, 0, 7 ],
			"to": [ 9, 4, 9 ],
			"faces": {
				"down": { "uv": [ 7, 14, 9, 16 ], "texture": "#texture" },
				"north": { "uv": [ 7, 12, 9, 16 ], "texture": "#texture" },
				"south": { "uv": [ 7, 12, 9, 16 ], "texture": "#texture" },
				"west": { "uv": [ 7, 12, 9, 16 ], "texture": "#texture" },
				"east": { "uv": [ 7, 12, 9, 16 ], "texture": "#texture" }
			}
		}
	]
}