{
	"__comment": "Designed by QSKSw with Cubik Studio - https://cubik.studio",
	"parent": "block/block",
	"ambientocclusion": false,
	"textures": {
		"particle": "#side",
		"bottom": "block/cactus_bottom",
		"top": "block/cactus_top",
		"side": "block/cactus_side",
		"prickles": "block/green_wool"
	},
	"elements": [ 	 
		{
			"__comment": "Box4",
			"from": [ 1, 0, 1 ],
			"to": [ 15, 16, 15 ],
			"faces": {
				"down": { "uv": [ 1, 1, 15, 15 ], "texture": "#bottom" },
				"up": { "uv": [ 1, 1, 15, 15 ], "texture": "#top" },
				"north": { "uv": [ 1, 0, 15, 16 ], "texture": "#side" },
				"south": { "uv": [ 1, 0, 15, 16 ], "texture": "#side" },
				"west": { "uv": [ 1, 0, 15, 16 ], "texture": "#side" },
				"east": { "uv": [ 1, 0, 15, 16 ], "texture": "#side" }
			}
		},
		{
			"__comment": "Box2",
			"from": [ 0, 3, 1 ],
			"to": [ 1, 4, 2 ],
			"faces": {
				"down": { "uv": [ 0, 14, 1, 15 ], "texture": "#prickles" },
				"up": { "uv": [ 0, 1, 1, 2 ], "texture": "#prickles" },
				"north": { "uv": [ 15, 12, 16, 13 ], "texture": "#prickles" },
				"south": { "uv": [ 0, 12, 1, 13 ], "texture": "#prickles" },
				"west": { "uv": [ 1, 12, 2, 13 ], "texture": "#prickles" },
				"east": { "uv": [ 14, 12, 15, 13 ], "texture": "#prickles" }
			}
		},
		{
			"__comment": "Box2",
			"from": [ 0, 1, 10 ],
			"to": [ 1, 2, 11 ],
			"faces": {
				"down": { "uv": [ 0, 5, 1, 6 ], "texture": "#prickles" },
				"up": { "uv": [ 0, 10, 1, 11 ], "texture": "#prickles" },
				"north": { "uv": [ 15, 14, 16, 15 ], "texture": "#prickles" },
				"south": { "uv": [ 0, 14, 1, 15 ], "texture": "#prickles" },
				"west": { "uv": [ 10, 14, 11, 15 ], "texture": "#prickles" },
				"east": { "uv": [ 5, 14, 6, 15 ], "texture": "#prickles" }
			}
		},
		{
			"__comment": "Box2",
			"from": [ 0, 5, 5 ],
			"to": [ 1, 6, 6 ],
			"faces": {
				"down": { "uv": [ 0, 10, 1, 11 ], "texture": "#prickles" },
				"up": { "uv": [ 0, 5, 1, 6 ], "texture": "#prickles" },
				"north": { "uv": [ 15, 10, 16, 11 ], "texture": "#prickles" },
				"south": { "uv": [ 0, 10, 1, 11 ], "texture": "#prickles" },
				"west": { "uv": [ 5, 10, 6, 11 ], "texture": "#prickles" },
				"east": { "uv": [ 10, 10, 11, 11 ], "texture": "#prickles" }
			}
		},
		{
			"__comment": "Box2",
			"from": [ 0, 13, 1 ],
			"to": [ 1, 14, 2 ],
			"faces": {
				"down": { "uv": [ 0, 14, 1, 15 ], "texture": "#prickles" },
				"up": { "uv": [ 0, 1, 1, 2 ], "texture": "#prickles" },
				"north": { "uv": [ 15, 2, 16, 3 ], "texture": "#prickles" },
				"south": { "uv": [ 0, 2, 1, 3 ], "texture": "#prickles" },
				"west": { "uv": [ 1, 2, 2, 3 ], "texture": "#prickles" },
				"east": { "uv": [ 14, 2, 15, 3 ], "texture": "#prickles" }
			}
		},
		{
			"__comment": "Box2",
			"from": [ 0, 14, 5 ],
			"to": [ 1, 15, 6 ],
			"faces": {
				"down": { "uv": [ 0, 10, 1, 11 ], "texture": "#prickles" },
				"up": { "uv": [ 0, 5, 1, 6 ], "texture": "#prickles" },
				"north": { "uv": [ 15, 1, 16, 2 ], "texture": "#prickles" },
				"south": { "uv": [ 0, 1, 1, 2 ], "texture": "#prickles" },
				"west": { "uv": [ 5, 1, 6, 2 ], "texture": "#prickles" },
				"east": { "uv": [ 10, 1, 11, 2 ], "texture": "#prickles" }
			}
		},
		{
			"__comment": "Box2",
			"from": [ 0, 9, 7 ],
			"to": [ 1, 10, 8 ],
			"faces": {
				"down": { "uv": [ 0, 8, 1, 9 ], "texture": "#prickles" },
				"up": { "uv": [ 0, 7, 1, 8 ], "texture": "#prickles" },
				"north": { "uv": [ 15, 6, 16, 7 ], "texture": "#prickles" },
				"south": { "uv": [ 0, 6, 1, 7 ], "texture": "#prickles" },
				"west": { "uv": [ 7, 6, 8, 7 ], "texture": "#prickles" },
				"east": { "uv": [ 8, 6, 9, 7 ], "texture": "#prickles" }
			}
		},
		{
			"__comment": "Box2",
			"from": [ 0, 12, 10 ],
			"to": [ 1, 13, 11 ],
			"faces": {
				"down": { "uv": [ 0, 5, 1, 6 ], "texture": "#prickles" },
				"up": { "uv": [ 0, 10, 1, 11 ], "texture": "#prickles" },
				"north": { "uv": [ 15, 3, 16, 4 ], "texture": "#prickles" },
				"south": { "uv": [ 0, 3, 1, 4 ], "texture": "#prickles" },
				"west": { "uv": [ 10, 3, 11, 4 ], "texture": "#prickles" },
				"east": { "uv": [ 5, 3, 6, 4 ], "texture": "#prickles" }
			}
		},
		{
			"__comment": "Box9",
			"from": [ 0, 14, 14 ],
			"to": [ 1, 15, 15 ],
			"faces": {
				"down": { "uv": [ 0, 1, 1, 2 ], "texture": "#prickles" },
				"up": { "uv": [ 0, 14, 1, 15 ], "texture": "#prickles" },
				"north": { "uv": [ 15, 1, 16, 2 ], "texture": "#prickles" },
				"south": { "uv": [ 0, 1, 1, 2 ], "texture": "#prickles" },
				"west": { "uv": [ 14, 1, 15, 2 ], "texture": "#prickles" },
				"east": { "uv": [ 1, 1, 2, 2 ], "texture": "#prickles" }
			}
		},
		{
			"__comment": "Box10",
			"from": [ 0, 10, 14 ],
			"to": [ 1, 11, 15 ],
			"faces": {
				"down": { "uv": [ 0, 1, 1, 2 ], "texture": "#prickles" },
				"up": { "uv": [ 0, 14, 1, 15 ], "texture": "#prickles" },
				"north": { "uv": [ 15, 5, 16, 6 ], "texture": "#prickles" },
				"south": { "uv": [ 0, 5, 1, 6 ], "texture": "#prickles" },
				"west": { "uv": [ 14, 5, 15, 6 ], "texture": "#prickles" },
				"east": { "uv": [ 1, 5, 2, 6 ], "texture": "#prickles" }
			}
		},
		{
			"__comment": "Box11",
			"from": [ 0, 5, 14 ],
			"to": [ 1, 6, 15 ],
			"faces": {
				"down": { "uv": [ 0, 1, 1, 2 ], "texture": "#prickles" },
				"up": { "uv": [ 0, 14, 1, 15 ], "texture": "#prickles" },
				"north": { "uv": [ 15, 10, 16, 11 ], "texture": "#prickles" },
				"south": { "uv": [ 0, 10, 1, 11 ], "texture": "#prickles" },
				"west": { "uv": [ 14, 10, 15, 11 ], "texture": "#prickles" },
				"east": { "uv": [ 1, 10, 2, 11 ], "texture": "#prickles" }
			}
		},
		{
			"__comment": "Box12",
			"from": [ 5, 1, 0 ],
			"to": [ 6, 2, 1 ],
			"faces": {
				"down": { "uv": [ 5, 15, 6, 16 ], "texture": "#prickles" },
				"up": { "uv": [ 5, 0, 6, 1 ], "texture": "#prickles" },
				"north": { "uv": [ 10, 14, 11, 15 ], "texture": "#prickles" },
				"south": { "uv": [ 5, 14, 6, 15 ], "texture": "#prickles" },
				"west": { "uv": [ 0, 14, 1, 15 ], "texture": "#prickles" },
				"east": { "uv": [ 15, 14, 16, 15 ], "texture": "#prickles" }
			}
		},
		{
			"__comment": "Box12",
			"from": [ 5, 12, 0 ],
			"to": [ 6, 13, 1 ],
			"faces": {
				"down": { "uv": [ 5, 15, 6, 16 ], "texture": "#prickles" },
				"up": { "uv": [ 5, 0, 6, 1 ], "texture": "#prickles" },
				"north": { "uv": [ 10, 3, 11, 4 ], "texture": "#prickles" },
				"south": { "uv": [ 5, 3, 6, 4 ], "texture": "#prickles" },
				"west": { "uv": [ 0, 3, 1, 4 ], "texture": "#prickles" },
				"east": { "uv": [ 15, 3, 16, 4 ], "texture": "#prickles" }
			}
		},
		{
			"__comment": "Box12",
			"from": [ 8, 9, 0 ],
			"to": [ 9, 10, 1 ],
			"faces": {
				"down": { "uv": [ 8, 15, 9, 16 ], "texture": "#prickles" },
				"up": { "uv": [ 8, 0, 9, 1 ], "texture": "#prickles" },
				"north": { "uv": [ 7, 6, 8, 7 ], "texture": "#prickles" },
				"south": { "uv": [ 8, 6, 9, 7 ], "texture": "#prickles" },
				"west": { "uv": [ 0, 6, 1, 7 ], "texture": "#prickles" },
				"east": { "uv": [ 15, 6, 16, 7 ], "texture": "#prickles" }
			}
		},
		{
			"__comment": "Box12",
			"from": [ 10, 14, 0 ],
			"to": [ 11, 15, 1 ],
			"faces": {
				"down": { "uv": [ 10, 15, 11, 16 ], "texture": "#prickles" },
				"up": { "uv": [ 10, 0, 11, 1 ], "texture": "#prickles" },
				"north": { "uv": [ 5, 1, 6, 2 ], "texture": "#prickles" },
				"south": { "uv": [ 10, 1, 11, 2 ], "texture": "#prickles" },
				"west": { "uv": [ 0, 1, 1, 2 ], "texture": "#prickles" },
				"east": { "uv": [ 15, 1, 16, 2 ], "texture": "#prickles" }
			}
		},
		{
			"__comment": "Box12",
			"from": [ 10, 5, 0 ],
			"to": [ 11, 6, 1 ],
			"faces": {
				"down": { "uv": [ 10, 15, 11, 16 ], "texture": "#prickles" },
				"up": { "uv": [ 10, 0, 11, 1 ], "texture": "#prickles" },
				"north": { "uv": [ 5, 10, 6, 11 ], "texture": "#prickles" },
				"south": { "uv": [ 10, 10, 11, 11 ], "texture": "#prickles" },
				"west": { "uv": [ 0, 10, 1, 11 ], "texture": "#prickles" },
				"east": { "uv": [ 15, 10, 16, 11 ], "texture": "#prickles" }
			}
		},
		{
			"__comment": "Box12",
			"from": [ 14, 3, 0 ],
			"to": [ 15, 4, 1 ],
			"faces": {
				"down": { "uv": [ 14, 15, 15, 16 ], "texture": "#prickles" },
				"up": { "uv": [ 14, 0, 15, 1 ], "texture": "#prickles" },
				"north": { "uv": [ 1, 12, 2, 13 ], "texture": "#prickles" },
				"south": { "uv": [ 14, 12, 15, 13 ], "texture": "#prickles" },
				"west": { "uv": [ 0, 12, 1, 13 ], "texture": "#prickles" },
				"east": { "uv": [ 15, 12, 16, 13 ], "texture": "#prickles" }
			}
		},
		{
			"__comment": "Box12",
			"from": [ 14, 13, 0 ],
			"to": [ 15, 14, 1 ],
			"faces": {
				"down": { "uv": [ 14, 15, 15, 16 ], "texture": "#prickles" },
				"up": { "uv": [ 14, 0, 15, 1 ], "texture": "#prickles" },
				"north": { "uv": [ 1, 2, 2, 3 ], "texture": "#prickles" },
				"south": { "uv": [ 14, 2, 15, 3 ], "texture": "#prickles" },
				"west": { "uv": [ 0, 2, 1, 3 ], "texture": "#prickles" },
				"east": { "uv": [ 15, 2, 16, 3 ], "texture": "#prickles" }
			}
		},
		{
			"__comment": "Box12",
			"from": [ 1, 14, 0 ],
			"to": [ 2, 15, 1 ],
			"faces": {
				"down": { "uv": [ 1, 15, 2, 16 ], "texture": "#prickles" },
				"up": { "uv": [ 1, 0, 2, 1 ], "texture": "#prickles" },
				"north": { "uv": [ 14, 1, 15, 2 ], "texture": "#prickles" },
				"south": { "uv": [ 1, 1, 2, 2 ], "texture": "#prickles" },
				"west": { "uv": [ 0, 1, 1, 2 ], "texture": "#prickles" },
				"east": { "uv": [ 15, 1, 16, 2 ], "texture": "#prickles" }
			}
		},
		{
			"__comment": "Box12",
			"from": [ 1, 10, 0 ],
			"to": [ 2, 11, 1 ],
			"faces": {
				"down": { "uv": [ 1, 15, 2, 16 ], "texture": "#prickles" },
				"up": { "uv": [ 1, 0, 2, 1 ], "texture": "#prickles" },
				"north": { "uv": [ 14, 5, 15, 6 ], "texture": "#prickles" },
				"south": { "uv": [ 1, 5, 2, 6 ], "texture": "#prickles" },
				"west": { "uv": [ 0, 5, 1, 6 ], "texture": "#prickles" },
				"east": { "uv": [ 15, 5, 16, 6 ], "texture": "#prickles" }
			}
		},
		{
			"__comment": "Box12",
			"from": [ 1, 5, 0 ],
			"to": [ 2, 6, 1 ],
			"faces": {
				"down": { "uv": [ 1, 15, 2, 16 ], "texture": "#prickles" },
				"up": { "uv": [ 1, 0, 2, 1 ], "texture": "#prickles" },
				"north": { "uv": [ 14, 10, 15, 11 ], "texture": "#prickles" },
				"south": { "uv": [ 1, 10, 2, 11 ], "texture": "#prickles" },
				"west": { "uv": [ 0, 10, 1, 11 ], "texture": "#prickles" },
				"east": { "uv": [ 15, 10, 16, 11 ], "texture": "#prickles" }
			}
		},
		{
			"__comment": "Box23",
			"from": [ 1, 3, 15 ],
			"to": [ 2, 4, 16 ],
			"faces": {
				"down": { "uv": [ 1, 0, 2, 1 ], "texture": "#prickles" },
				"up": { "uv": [ 1, 15, 2, 16 ], "texture": "#prickles" },
				"north": { "uv": [ 14, 12, 15, 13 ], "texture": "#prickles" },
				"south": { "uv": [ 1, 12, 2, 13 ], "texture": "#prickles" },
				"west": { "uv": [ 15, 12, 16, 13 ], "texture": "#prickles" },
				"east": { "uv": [ 0, 12, 1, 13 ], "texture": "#prickles" }
			}
		},
		{
			"__comment": "Box23",
			"from": [ 5, 5, 15 ],
			"to": [ 6, 6, 16 ],
			"faces": {
				"down": { "uv": [ 5, 0, 6, 1 ], "texture": "#prickles" },
				"up": { "uv": [ 5, 15, 6, 16 ], "texture": "#prickles" },
				"north": { "uv": [ 10, 10, 11, 11 ], "texture": "#prickles" },
				"south": { "uv": [ 5, 10, 6, 11 ], "texture": "#prickles" },
				"west": { "uv": [ 15, 10, 16, 11 ], "texture": "#prickles" },
				"east": { "uv": [ 0, 10, 1, 11 ], "texture": "#prickles" }
			}
		},
		{
			"__comment": "Box23",
			"from": [ 10, 1, 15 ],
			"to": [ 11, 2, 16 ],
			"faces": {
				"down": { "uv": [ 10, 0, 11, 1 ], "texture": "#prickles" },
				"up": { "uv": [ 10, 15, 11, 16 ], "texture": "#prickles" },
				"north": { "uv": [ 5, 14, 6, 15 ], "texture": "#prickles" },
				"south": { "uv": [ 10, 14, 11, 15 ], "texture": "#prickles" },
				"west": { "uv": [ 15, 14, 16, 15 ], "texture": "#prickles" },
				"east": { "uv": [ 0, 14, 1, 15 ], "texture": "#prickles" }
			}
		},
		{
			"__comment": "Box23",
			"from": [ 14, 5, 15 ],
			"to": [ 15, 6, 16 ],
			"faces": {
				"down": { "uv": [ 14, 0, 15, 1 ], "texture": "#prickles" },
				"up": { "uv": [ 14, 15, 15, 16 ], "texture": "#prickles" },
				"north": { "uv": [ 1, 10, 2, 11 ], "texture": "#prickles" },
				"south": { "uv": [ 14, 10, 15, 11 ], "texture": "#prickles" },
				"west": { "uv": [ 15, 10, 16, 11 ], "texture": "#prickles" },
				"east": { "uv": [ 0, 10, 1, 11 ], "texture": "#prickles" }
			}
		},
		{
			"__comment": "Box23",
			"from": [ 7, 9, 15 ],
			"to": [ 8, 10, 16 ],
			"faces": {
				"down": { "uv": [ 7, 0, 8, 1 ], "texture": "#prickles" },
				"up": { "uv": [ 7, 15, 8, 16 ], "texture": "#prickles" },
				"north": { "uv": [ 8, 6, 9, 7 ], "texture": "#prickles" },
				"south": { "uv": [ 7, 6, 8, 7 ], "texture": "#prickles" },
				"west": { "uv": [ 15, 6, 16, 7 ], "texture": "#prickles" },
				"east": { "uv": [ 0, 6, 1, 7 ], "texture": "#prickles" }
			}
		},
		{
			"__comment": "Box23",
			"from": [ 5, 14, 15 ],
			"to": [ 6, 15, 16 ],
			"faces": {
				"down": { "uv": [ 5, 0, 6, 1 ], "texture": "#prickles" },
				"up": { "uv": [ 5, 15, 6, 16 ], "texture": "#prickles" },
				"north": { "uv": [ 10, 1, 11, 2 ], "texture": "#prickles" },
				"south": { "uv": [ 5, 1, 6, 2 ], "texture": "#prickles" },
				"west": { "uv": [ 15, 1, 16, 2 ], "texture": "#prickles" },
				"east": { "uv": [ 0, 1, 1, 2 ], "texture": "#prickles" }
			}
		},
		{
			"__comment": "Box23",
			"from": [ 1, 13, 15 ],
			"to": [ 2, 14, 16 ],
			"faces": {
				"down": { "uv": [ 1, 0, 2, 1 ], "texture": "#prickles" },
				"up": { "uv": [ 1, 15, 2, 16 ], "texture": "#prickles" },
				"north": { "uv": [ 14, 2, 15, 3 ], "texture": "#prickles" },
				"south": { "uv": [ 1, 2, 2, 3 ], "texture": "#prickles" },
				"west": { "uv": [ 15, 2, 16, 3 ], "texture": "#prickles" },
				"east": { "uv": [ 0, 2, 1, 3 ], "texture": "#prickles" }
			}
		},
		{
			"__comment": "Box23",
			"from": [ 14, 14, 15 ],
			"to": [ 15, 15, 16 ],
			"faces": {
				"down": { "uv": [ 14, 0, 15, 1 ], "texture": "#prickles" },
				"up": { "uv": [ 14, 15, 15, 16 ], "texture": "#prickles" },
				"north": { "uv": [ 1, 1, 2, 2 ], "texture": "#prickles" },
				"south": { "uv": [ 14, 1, 15, 2 ], "texture": "#prickles" },
				"west": { "uv": [ 15, 1, 16, 2 ], "texture": "#prickles" },
				"east": { "uv": [ 0, 1, 1, 2 ], "texture": "#prickles" }
			}
		},
		{
			"__comment": "Box23",
			"from": [ 10, 12, 15 ],
			"to": [ 11, 13, 16 ],
			"faces": {
				"down": { "uv": [ 10, 0, 11, 1 ], "texture": "#prickles" },
				"up": { "uv": [ 10, 15, 11, 16 ], "texture": "#prickles" },
				"north": { "uv": [ 5, 3, 6, 4 ], "texture": "#prickles" },
				"south": { "uv": [ 10, 3, 11, 4 ], "texture": "#prickles" },
				"west": { "uv": [ 15, 3, 16, 4 ], "texture": "#prickles" },
				"east": { "uv": [ 0, 3, 1, 4 ], "texture": "#prickles" }
			}
		},
		{
			"__comment": "Box23",
			"from": [ 14, 10, 15 ],
			"to": [ 15, 11, 16 ],
			"faces": {
				"down": { "uv": [ 14, 0, 15, 1 ], "texture": "#prickles" },
				"up": { "uv": [ 14, 15, 15, 16 ], "texture": "#prickles" },
				"north": { "uv": [ 1, 5, 2, 6 ], "texture": "#prickles" },
				"south": { "uv": [ 14, 5, 15, 6 ], "texture": "#prickles" },
				"west": { "uv": [ 15, 5, 16, 6 ], "texture": "#prickles" },
				"east": { "uv": [ 0, 5, 1, 6 ], "texture": "#prickles" }
			}
		},
		{
			"__comment": "Box33",
			"from": [ 15, 13, 14 ],
			"to": [ 16, 14, 15 ],
			"faces": {
				"down": { "uv": [ 15, 1, 16, 2 ], "texture": "#prickles" },
				"up": { "uv": [ 15, 14, 16, 15 ], "texture": "#prickles" },
				"north": { "uv": [ 0, 2, 1, 3 ], "texture": "#prickles" },
				"south": { "uv": [ 15, 2, 16, 3 ], "texture": "#prickles" },
				"west": { "uv": [ 14, 2, 15, 3 ], "texture": "#prickles" },
				"east": { "uv": [ 1, 2, 2, 3 ], "texture": "#prickles" }
			}
		},
		{
			"__comment": "Box33",
			"from": [ 15, 14, 10 ],
			"to": [ 16, 15, 11 ],
			"faces": {
				"down": { "uv": [ 15, 5, 16, 6 ], "texture": "#prickles" },
				"up": { "uv": [ 15, 10, 16, 11 ], "texture": "#prickles" },
				"north": { "uv": [ 0, 1, 1, 2 ], "texture": "#prickles" },
				"south": { "uv": [ 15, 1, 16, 2 ], "texture": "#prickles" },
				"west": { "uv": [ 10, 1, 11, 2 ], "texture": "#prickles" },
				"east": { "uv": [ 5, 1, 6, 2 ], "texture": "#prickles" }
			}
		},
		{
			"__comment": "Box33",
			"from": [ 15, 1, 5 ],
			"to": [ 16, 2, 6 ],
			"faces": {
				"down": { "uv": [ 15, 10, 16, 11 ], "texture": "#prickles" },
				"up": { "uv": [ 15, 5, 16, 6 ], "texture": "#prickles" },
				"north": { "uv": [ 0, 14, 1, 15 ], "texture": "#prickles" },
				"south": { "uv": [ 15, 14, 16, 15 ], "texture": "#prickles" },
				"west": { "uv": [ 5, 14, 6, 15 ], "texture": "#prickles" },
				"east": { "uv": [ 10, 14, 11, 15 ], "texture": "#prickles" }
			}
		},
		{
			"__comment": "Box33",
			"from": [ 15, 3, 14 ],
			"to": [ 16, 4, 15 ],
			"faces": {
				"down": { "uv": [ 15, 1, 16, 2 ], "texture": "#prickles" },
				"up": { "uv": [ 15, 14, 16, 15 ], "texture": "#prickles" },
				"north": { "uv": [ 0, 12, 1, 13 ], "texture": "#prickles" },
				"south": { "uv": [ 15, 12, 16, 13 ], "texture": "#prickles" },
				"west": { "uv": [ 14, 12, 15, 13 ], "texture": "#prickles" },
				"east": { "uv": [ 1, 12, 2, 13 ], "texture": "#prickles" }
			}
		},
		{
			"__comment": "Box33",
			"from": [ 15, 5, 10 ],
			"to": [ 16, 6, 11 ],
			"faces": {
				"down": { "uv": [ 15, 5, 16, 6 ], "texture": "#prickles" },
				"up": { "uv": [ 15, 10, 16, 11 ], "texture": "#prickles" },
				"north": { "uv": [ 0, 10, 1, 11 ], "texture": "#prickles" },
				"south": { "uv": [ 15, 10, 16, 11 ], "texture": "#prickles" },
				"west": { "uv": [ 10, 10, 11, 11 ], "texture": "#prickles" },
				"east": { "uv": [ 5, 10, 6, 11 ], "texture": "#prickles" }
			}
		},
		{
			"__comment": "Box33",
			"from": [ 15, 9, 8 ],
			"to": [ 16, 10, 9 ],
			"faces": {
				"down": { "uv": [ 15, 7, 16, 8 ], "texture": "#prickles" },
				"up": { "uv": [ 15, 8, 16, 9 ], "texture": "#prickles" },
				"north": { "uv": [ 0, 6, 1, 7 ], "texture": "#prickles" },
				"south": { "uv": [ 15, 6, 16, 7 ], "texture": "#prickles" },
				"west": { "uv": [ 8, 6, 9, 7 ], "texture": "#prickles" },
				"east": { "uv": [ 7, 6, 8, 7 ], "texture": "#prickles" }
			}
		},
		{
			"__comment": "Box33",
			"from": [ 15, 5, 1 ],
			"to": [ 16, 6, 2 ],
			"faces": {
				"down": { "uv": [ 15, 14, 16, 15 ], "texture": "#prickles" },
				"up": { "uv": [ 15, 1, 16, 2 ], "texture": "#prickles" },
				"north": { "uv": [ 0, 10, 1, 11 ], "texture": "#prickles" },
				"south": { "uv": [ 15, 10, 16, 11 ], "texture": "#prickles" },
				"west": { "uv": [ 1, 10, 2, 11 ], "texture": "#prickles" },
				"east": { "uv": [ 14, 10, 15, 11 ], "texture": "#prickles" }
			}
		},
		{
			"__comment": "Box33",
			"from": [ 15, 10, 1 ],
			"to": [ 16, 11, 2 ],
			"faces": {
				"down": { "uv": [ 15, 14, 16, 15 ], "texture": "#prickles" },
				"up": { "uv": [ 15, 1, 16, 2 ], "texture": "#prickles" },
				"north": { "uv": [ 0, 5, 1, 6 ], "texture": "#prickles" },
				"south": { "uv": [ 15, 5, 16, 6 ], "texture": "#prickles" },
				"west": { "uv": [ 1, 5, 2, 6 ], "texture": "#prickles" },
				"east": { "uv": [ 14, 5, 15, 6 ], "texture": "#prickles" }
			}
		},
		{
			"__comment": "Box33",
			"from": [ 15, 14, 1 ],
			"to": [ 16, 15, 2 ],
			"faces": {
				"down": { "uv": [ 15, 14, 16, 15 ], "texture": "#prickles" },
				"up": { "uv": [ 15, 1, 16, 2 ], "texture": "#prickles" },
				"north": { "uv": [ 0, 1, 1, 2 ], "texture": "#prickles" },
				"south": { "uv": [ 15, 1, 16, 2 ], "texture": "#prickles" },
				"west": { "uv": [ 1, 1, 2, 2 ], "texture": "#prickles" },
				"east": { "uv": [ 14, 1, 15, 2 ], "texture": "#prickles" }
			}
		},
		{
			"__comment": "Box33",
			"from": [ 15, 12, 5 ],
			"to": [ 16, 13, 6 ],
			"faces": {
				"down": { "uv": [ 15, 10, 16, 11 ], "texture": "#prickles" },
				"up": { "uv": [ 15, 5, 16, 6 ], "texture": "#prickles" },
				"north": { "uv": [ 0, 3, 1, 4 ], "texture": "#prickles" },
				"south": { "uv": [ 15, 3, 16, 4 ], "texture": "#prickles" },
				"west": { "uv": [ 5, 3, 6, 4 ], "texture": "#prickles" },
				"east": { "uv": [ 10, 3, 11, 4 ], "texture": "#prickles" }
			}
		},
		{
			"__comment": "Box43",
			"from": [ 8, 16, 7 ],
			"to": [ 9, 17, 8 ],
			"faces": {
				"down": { "uv": [ 8, 8, 9, 9 ], "texture": "#prickles" },
				"up": { "uv": [ 8, 7, 9, 8 ], "texture": "#prickles" },
				"north": { "uv": [ 7, 15, 8, 16 ], "texture": "#prickles" },
				"south": { "uv": [ 8, 15, 9, 16 ], "texture": "#prickles" },
				"west": { "uv": [ 7, 15, 8, 16 ], "texture": "#prickles" },
				"east": { "uv": [ 8, 15, 9, 16 ], "texture": "#prickles" }
			}
		},
		{
			"__comment": "Box43",
			"from": [ 8, 16, 2 ],
			"to": [ 9, 17, 3 ],
			"faces": {
				"down": { "uv": [ 8, 13, 9, 14 ], "texture": "#prickles" },
				"up": { "uv": [ 8, 2, 9, 3 ], "texture": "#prickles" },
				"north": { "uv": [ 7, 15, 8, 16 ], "texture": "#prickles" },
				"south": { "uv": [ 8, 15, 9, 16 ], "texture": "#prickles" },
				"west": { "uv": [ 2, 15, 3, 16 ], "texture": "#prickles" },
				"east": { "uv": [ 13, 15, 14, 16 ], "texture": "#prickles" }
			}
		},
		{
			"__comment": "Box43",
			"from": [ 3, 16, 3 ],
			"to": [ 4, 17, 4 ],
			"faces": {
				"down": { "uv": [ 3, 12, 4, 13 ], "texture": "#prickles" },
				"up": { "uv": [ 3, 3, 4, 4 ], "texture": "#prickles" },
				"north": { "uv": [ 12, 15, 13, 16 ], "texture": "#prickles" },
				"south": { "uv": [ 3, 15, 4, 16 ], "texture": "#prickles" },
				"west": { "uv": [ 3, 15, 4, 16 ], "texture": "#prickles" },
				"east": { "uv": [ 12, 15, 13, 16 ], "texture": "#prickles" }
			}
		},
		{
			"__comment": "Box43",
			"from": [ 6, 16, 5 ],
			"to": [ 7, 17, 6 ],
			"faces": {
				"down": { "uv": [ 6, 10, 7, 11 ], "texture": "#prickles" },
				"up": { "uv": [ 6, 5, 7, 6 ], "texture": "#prickles" },
				"north": { "uv": [ 9, 15, 10, 16 ], "texture": "#prickles" },
				"south": { "uv": [ 6, 15, 7, 16 ], "texture": "#prickles" },
				"west": { "uv": [ 5, 15, 6, 16 ], "texture": "#prickles" },
				"east": { "uv": [ 10, 15, 11, 16 ], "texture": "#prickles" }
			}
		},
		{
			"__comment": "Box43",
			"from": [ 2, 16, 6 ],
			"to": [ 3, 17, 7 ],
			"faces": {
				"down": { "uv": [ 2, 9, 3, 10 ], "texture": "#prickles" },
				"up": { "uv": [ 2, 6, 3, 7 ], "texture": "#prickles" },
				"north": { "uv": [ 13, 15, 14, 16 ], "texture": "#prickles" },
				"south": { "uv": [ 2, 15, 3, 16 ], "texture": "#prickles" },
				"west": { "uv": [ 6, 15, 7, 16 ], "texture": "#prickles" },
				"east": { "uv": [ 9, 15, 10, 16 ], "texture": "#prickles" }
			}
		},
		{
			"__comment": "Box43",
			"from": [ 5, 16, 9 ],
			"to": [ 6, 17, 10 ],
			"faces": {
				"down": { "uv": [ 5, 6, 6, 7 ], "texture": "#prickles" },
				"up": { "uv": [ 5, 9, 6, 10 ], "texture": "#prickles" },
				"north": { "uv": [ 10, 15, 11, 16 ], "texture": "#prickles" },
				"south": { "uv": [ 5, 15, 6, 16 ], "texture": "#prickles" },
				"west": { "uv": [ 9, 15, 10, 16 ], "texture": "#prickles" },
				"east": { "uv": [ 6, 15, 7, 16 ], "texture": "#prickles" }
			}
		},
		{
			"__comment": "Box43",
			"from": [ 3, 16, 11 ],
			"to": [ 4, 17, 12 ],
			"faces": {
				"down": { "uv": [ 3, 4, 4, 5 ], "texture": "#prickles" },
				"up": { "uv": [ 3, 11, 4, 12 ], "texture": "#prickles" },
				"north": { "uv": [ 12, 15, 13, 16 ], "texture": "#prickles" },
				"south": { "uv": [ 3, 15, 4, 16 ], "texture": "#prickles" },
				"west": { "uv": [ 11, 15, 12, 16 ], "texture": "#prickles" },
				"east": { "uv": [ 4, 15, 5, 16 ], "texture": "#prickles" }
			}
		},
		{
			"__comment": "Box43",
			"from": [ 11, 16, 6 ],
			"to": [ 12, 17, 7 ],
			"faces": {
				"down": { "uv": [ 11, 9, 12, 10 ], "texture": "#prickles" },
				"up": { "uv": [ 11, 6, 12, 7 ], "texture": "#prickles" },
				"north": { "uv": [ 4, 15, 5, 16 ], "texture": "#prickles" },
				"south": { "uv": [ 11, 15, 12, 16 ], "texture": "#prickles" },
				"west": { "uv": [ 6, 15, 7, 16 ], "texture": "#prickles" },
				"east": { "uv": [ 9, 15, 10, 16 ], "texture": "#prickles" }
			}
		},
		{
			"__comment": "Box43",
			"from": [ 9, 16, 11 ],
			"to": [ 10, 17, 12 ],
			"faces": {
				"down": { "uv": [ 9, 4, 10, 5 ], "texture": "#prickles" },
				"up": { "uv": [ 9, 11, 10, 12 ], "texture": "#prickles" },
				"north": { "uv": [ 6, 15, 7, 16 ], "texture": "#prickles" },
				"south": { "uv": [ 9, 15, 10, 16 ], "texture": "#prickles" },
				"west": { "uv": [ 11, 15, 12, 16 ], "texture": "#prickles" },
				"east": { "uv": [ 4, 15, 5, 16 ], "texture": "#prickles" }
			}
		},
		{
			"__comment": "Box43",
			"from": [ 13, 16, 9 ],
			"to": [ 14, 17, 10 ],
			"faces": {
				"down": { "uv": [ 13, 6, 14, 7 ], "texture": "#prickles" },
				"up": { "uv": [ 13, 9, 14, 10 ], "texture": "#prickles" },
				"north": { "uv": [ 2, 15, 3, 16 ], "texture": "#prickles" },
				"south": { "uv": [ 13, 15, 14, 16 ], "texture": "#prickles" },
				"west": { "uv": [ 9, 15, 10, 16 ], "texture": "#prickles" },
				"east": { "uv": [ 6, 15, 7, 16 ], "texture": "#prickles" }
			}
		},
		{
			"__comment": "Box43",
			"from": [ 12, 16, 12 ],
			"to": [ 13, 17, 13 ],
			"faces": {
				"down": { "uv": [ 12, 3, 13, 4 ], "texture": "#prickles" },
				"up": { "uv": [ 12, 12, 13, 13 ], "texture": "#prickles" },
				"north": { "uv": [ 3, 15, 4, 16 ], "texture": "#prickles" },
				"south": { "uv": [ 12, 15, 13, 16 ], "texture": "#prickles" },
				"west": { "uv": [ 12, 15, 13, 16 ], "texture": "#prickles" },
				"east": { "uv": [ 3, 15, 4, 16 ], "texture": "#prickles" }
			}
		},
		{
			"__comment": "Box43",
			"from": [ 6, 16, 13 ],
			"to": [ 7, 17, 14 ],
			"faces": {
				"down": { "uv": [ 6, 2, 7, 3 ], "texture": "#prickles" },
				"up": { "uv": [ 6, 13, 7, 14 ], "texture": "#prickles" },
				"north": { "uv": [ 9, 15, 10, 16 ], "texture": "#prickles" },
				"south": { "uv": [ 6, 15, 7, 16 ], "texture": "#prickles" },
				"west": { "uv": [ 13, 15, 14, 16 ], "texture": "#prickles" },
				"east": { "uv": [ 2, 15, 3, 16 ], "texture": "#prickles" }
			}
		},
		{
			"__comment": "Box43",
			"from": [ 12, 16, 3 ],
			"to": [ 13, 17, 4 ],
			"faces": {
				"down": { "uv": [ 12, 12, 13, 13 ], "texture": "#prickles" },
				"up": { "uv": [ 12, 3, 13, 4 ], "texture": "#prickles" },
				"north": { "uv": [ 3, 15, 4, 16 ], "texture": "#prickles" },
				"south": { "uv": [ 12, 15, 13, 16 ], "texture": "#prickles" },
				"west": { "uv": [ 3, 15, 4, 16 ], "texture": "#prickles" },
				"east": { "uv": [ 12, 15, 13, 16 ], "texture": "#prickles" }
			}
		}
	]
}