{
	"__comment": "Designed by QSKSw with Cubik Studio - https://cubik.studio",
	"parent": "minecraft:block/template_orientable_trapdoor_top",
	"textures": {
		"texture": "block/crimson_trapdoor"
	},
	"elements": [ 	 
		{
			"__comment": "Box1",
			"from": [ 0, 14, 0 ],
			"to": [ 16, 16, 3 ],
			"faces": {
				"down": { "uv": [ 0, 13, 16, 16 ], "texture": "#texture" },
				"up": { "uv": [ 0, 0, 16, 3 ], "texture": "#texture" },
				"north": { "uv": [ 0, 14, 16, 16 ], "texture": "#texture" },
				"south": { "uv": [ 0, 14, 16, 16 ], "texture": "#texture" },
				"west": { "uv": [ 0, 14, 3, 16 ], "texture": "#texture" },
				"east": { "uv": [ 13, 14, 16, 16 ], "texture": "#texture" }
			}
		},
		{
			"__comment": "Box1",
			"from": [ 0, 14, 4 ],
			"to": [ 16, 16, 7 ],
			"faces": {
				"down": { "uv": [ 0, 9, 16, 12 ], "texture": "#texture" },
				"up": { "uv": [ 0, 4, 16, 7 ], "texture": "#texture" },
				"north": { "uv": [ 0, 14, 16, 16 ], "texture": "#texture" },
				"south": { "uv": [ 0, 14, 16, 16 ], "texture": "#texture" },
				"west": { "uv": [ 4, 14, 7, 16 ], "texture": "#texture" },
				"east": { "uv": [ 9, 14, 12, 16 ], "texture": "#texture" }
			}
		},
		{
			"__comment": "Box1",
			"from": [ 0, 14, 9 ],
			"to": [ 16, 16, 12 ],
			"faces": {
				"down": { "uv": [ 0, 4, 16, 7 ], "texture": "#texture" },
				"up": { "uv": [ 0, 9, 16, 12 ], "texture": "#texture" },
				"north": { "uv": [ 0, 14, 16, 16 ], "texture": "#texture" },
				"south": { "uv": [ 0, 14, 16, 16 ], "texture": "#texture" },
				"west": { "uv": [ 9, 14, 12, 16 ], "texture": "#texture" },
				"east": { "uv": [ 4, 14, 7, 16 ], "texture": "#texture" }
			}
		},
		{
			"__comment": "Box1",
			"from": [ 0, 14, 13 ],
			"to": [ 16, 16, 16 ],
			"faces": {
				"down": { "uv": [ 0, 0, 16, 3 ], "texture": "#texture" },
				"up": { "uv": [ 0, 13, 16, 16 ], "texture": "#texture" },
				"north": { "uv": [ 0, 14, 16, 16 ], "texture": "#texture" },
				"south": { "uv": [ 0, 14, 16, 16 ], "texture": "#texture" },
				"west": { "uv": [ 13, 14, 16, 16 ], "texture": "#texture" },
				"east": { "uv": [ 0, 14, 3, 16 ], "texture": "#texture" }
			}
		},
		{
			"__comment": "Box1",
			"from": [ 0, 14, 3 ],
			"to": [ 3, 16, 4 ],
			"faces": {
				"down": { "uv": [ 0, 12, 3, 13 ], "texture": "#texture" },
				"up": { "uv": [ 0, 3, 3, 4 ], "texture": "#texture" },
				"north": { "uv": [ 13, 14, 16, 16 ], "texture": "#texture" },
				"south": { "uv": [ 0, 14, 3, 16 ], "texture": "#texture" },
				"west": { "uv": [ 3, 14, 4, 16 ], "texture": "#texture" },
				"east": { "uv": [ 12, 14, 13, 16 ], "texture": "#texture" }
			}
		},
		{
			"__comment": "Box1",
			"from": [ 13, 14, 3 ],
			"to": [ 16, 16, 4 ],
			"faces": {
				"down": { "uv": [ 13, 12, 16, 13 ], "texture": "#texture" },
				"up": { "uv": [ 13, 3, 16, 4 ], "texture": "#texture" },
				"north": { "uv": [ 0, 14, 3, 16 ], "texture": "#texture" },
				"south": { "uv": [ 13, 14, 16, 16 ], "texture": "#texture" },
				"west": { "uv": [ 3, 14, 4, 16 ], "texture": "#texture" },
				"east": { "uv": [ 12, 14, 13, 16 ], "texture": "#texture" }
			}
		},
		{
			"__comment": "Box1",
			"from": [ 0, 14, 7 ],
			"to": [ 3, 16, 9 ],
			"faces": {
				"down": { "uv": [ 0, 7, 3, 9 ], "texture": "#texture" },
				"up": { "uv": [ 0, 7, 3, 9 ], "texture": "#texture" },
				"north": { "uv": [ 13, 14, 16, 16 ], "texture": "#texture" },
				"south": { "uv": [ 0, 14, 3, 16 ], "texture": "#texture" },
				"west": { "uv": [ 7, 14, 9, 16 ], "texture": "#texture" },
				"east": { "uv": [ 7, 14, 9, 16 ], "texture": "#texture" }
			}
		},
		{
			"__comment": "Box1",
			"from": [ 13, 14, 7 ],
			"to": [ 16, 16, 9 ],
			"faces": {
				"down": { "uv": [ 13, 7, 16, 9 ], "texture": "#texture" },
				"up": { "uv": [ 13, 7, 16, 9 ], "texture": "#texture" },
				"north": { "uv": [ 0, 14, 3, 16 ], "texture": "#texture" },
				"south": { "uv": [ 13, 14, 16, 16 ], "texture": "#texture" },
				"west": { "uv": [ 7, 14, 9, 16 ], "texture": "#texture" },
				"east": { "uv": [ 7, 14, 9, 16 ], "texture": "#texture" }
			}
		},
		{
			"__comment": "Box1",
			"from": [ 0, 14, 12 ],
			"to": [ 3, 16, 13 ],
			"faces": {
				"down": { "uv": [ 0, 3, 3, 4 ], "texture": "#texture" },
				"up": { "uv": [ 0, 12, 3, 13 ], "texture": "#texture" },
				"north": { "uv": [ 13, 14, 16, 16 ], "texture": "#texture" },
				"south": { "uv": [ 0, 14, 3, 16 ], "texture": "#texture" },
				"west": { "uv": [ 12, 14, 13, 16 ], "texture": "#texture" },
				"east": { "uv": [ 3, 14, 4, 16 ], "texture": "#texture" }
			}
		},
		{
			"__comment": "Box1",
			"from": [ 13, 14, 12 ],
			"to": [ 16, 16, 13 ],
			"faces": {
				"down": { "uv": [ 13, 3, 16, 4 ], "texture": "#texture" },
				"up": { "uv": [ 13, 12, 16, 13 ], "texture": "#texture" },
				"north": { "uv": [ 0, 14, 3, 16 ], "texture": "#texture" },
				"south": { "uv": [ 13, 14, 16, 16 ], "texture": "#texture" },
				"west": { "uv": [ 12, 14, 13, 16 ], "texture": "#texture" },
				"east": { "uv": [ 3, 14, 4, 16 ], "texture": "#texture" }
			}
		}
	]
}