{
	"__comment": "Designed by QSKSw with Cubik Studio - https://cubik.studio",
	"textures": {
		"particle": "block/nether_wart_block",
		"texture": "block/crimson_fungus"
	},
	"elements": [ 	 
		{
			"__comment": "Box1",
			"from": [ 7, 0, 7 ],
			"to": [ 9, 5, 9 ],
			"faces": {
				"down": { "uv": [ 7, 14, 9, 16 ], "texture": "#texture" },
				"up": { "uv": [ 7, 7, 9, 9 ], "texture": "#texture" },
				"north": { "uv": [ 7, 11, 9, 16 ], "texture": "#texture" },
				"south": { "uv": [ 7, 11, 9, 16 ], "texture": "#texture" },
				"west": { "uv": [ 7, 11, 9, 16 ], "texture": "#texture" },
				"east": { "uv": [ 7, 11, 9, 16 ], "texture": "#texture" }
			}
		},
		{
			"__comment": "Box2",
			"from": [ 4, 5, 4 ],
			"to": [ 12, 6, 12 ],
			"faces": {
				"down": { "uv": [ 4, 8, 12, 11 ], "texture": "#texture" },
				"up": { "uv": [ 4, 4, 12, 12 ], "texture": "#texture" },
				"north": { "uv": [ 4, 10, 12, 11 ], "texture": "#texture" },
				"south": { "uv": [ 4, 10, 12, 11 ], "texture": "#texture" },
				"west": { "uv": [ 4, 10, 12, 11 ], "texture": "#texture" },
				"east": { "uv": [ 4, 10, 12, 11 ], "texture": "#texture" }
			}
		},
		{
			"__comment": "Box4",
			"from": [ 5, 8, 5 ],
			"to": [ 11, 11, 11 ],
			"faces": {
				"down": { "uv": [ 5, 5, 11, 11 ], "texture": "#texture" },
				"up": { "uv": [ 5, 7, 8, 10 ], "texture": "#texture" },
				"north": { "uv": [ 5, 5, 11, 8 ], "texture": "#texture" },
				"south": { "uv": [ 5, 5, 11, 8 ], "texture": "#texture" },
				"west": { "uv": [ 5, 5, 11, 8 ], "texture": "#texture" },
				"east": { "uv": [ 5, 5, 11, 8 ], "texture": "#texture" }
			}
		},
		{
			"__comment": "Box5",
			"from": [ 6, 11, 6 ],
			"to": [ 10, 12, 10 ],
			"faces": {
				"down": { "uv": [ 6, 6, 10, 10 ], "texture": "#texture" },
				"up": { "uv": [ 6, 6, 10, 10 ], "texture": "#texture" },
				"north": { "uv": [ 6, 4, 10, 5 ], "texture": "#texture" },
				"south": { "uv": [ 6, 4, 10, 5 ], "texture": "#texture" },
				"west": { "uv": [ 6, 4, 10, 5 ], "texture": "#texture" },
				"east": { "uv": [ 6, 4, 10, 5 ], "texture": "#texture" }
			}
		},
		{
			"__comment": "Box6",
			"from": [ 3, 6, 3 ],
			"to": [ 8, 8, 8 ],
			"faces": {
				"down": { "uv": [ 8, 8, 11, 11 ], "texture": "#texture" },
				"up": { "uv": [ 5, 10, 10, 5 ], "texture": "#texture", "rotation": 270 },
				"north": { "uv": [ 8, 8, 13, 10 ], "texture": "#texture" },
				"south": { "uv": [ 3, 8, 8, 10 ], "texture": "#texture" },
				"west": { "uv": [ 3, 8, 8, 10 ], "texture": "#texture" },
				"east": { "uv": [ 8, 8, 13, 10 ], "texture": "#texture" }
			}
		},
		{
			"__comment": "Box6",
			"from": [ 8, 6, 8 ],
			"to": [ 13, 8, 13 ],
			"faces": {
				"down": { "uv": [ 8, 8, 11, 11 ], "texture": "#texture" },
				"up": { "uv": [ 10, 5, 5, 10 ], "texture": "#texture", "rotation": 270 },
				"north": { "uv": [ 8, 8, 13, 10 ], "texture": "#texture" },
				"south": { "uv": [ 3, 8, 8, 10 ], "texture": "#texture" },
				"west": { "uv": [ 3, 8, 8, 10 ], "texture": "#texture" },
				"east": { "uv": [ 8, 8, 13, 10 ], "texture": "#texture" }
			}
		},
		{
			"__comment": "Box6",
			"from": [ 3, 6, 8 ],
			"to": [ 8, 8, 13 ],
			"faces": {
				"down": { "uv": [ 8, 8, 11, 11 ], "texture": "#texture" },
				"up": { "uv": [ 5, 10, 10, 5 ], "texture": "#texture", "rotation": 180 },
				"north": { "uv": [ 8, 8, 13, 10 ], "texture": "#texture" },
				"south": { "uv": [ 3, 8, 8, 10 ], "texture": "#texture" },
				"west": { "uv": [ 3, 8, 8, 10 ], "texture": "#texture" },
				"east": { "uv": [ 8, 8, 13, 10 ], "texture": "#texture" }
			}
		},
		{
			"__comment": "Box6",
			"from": [ 8, 6, 3 ],
			"to": [ 13, 8, 8 ],
			"faces": {
				"down": { "uv": [ 8, 8, 11, 11 ], "texture": "#texture" },
				"up": { "uv": [ 10, 5, 5, 10 ], "texture": "#texture", "rotation": 180 },
				"north": { "uv": [ 8, 8, 13, 10 ], "texture": "#texture" },
				"south": { "uv": [ 3, 8, 8, 10 ], "texture": "#texture" },
				"west": { "uv": [ 3, 8, 8, 10 ], "texture": "#texture" },
				"east": { "uv": [ 8, 8, 13, 10 ], "texture": "#texture" }
			}
		}
	]
}