{
	"__comment": "Designed by QSKSw with Cubik Studio - https://cubik.studio",
	"parent": "minecraft:block/template_orientable_trapdoor_open",
	"textures": {
		"texture": "block/crimson_trapdoor"
	},
	"elements": [ 	 
		{
			"__comment": "Box1",
			"from": [ 0, 13, 14 ],
			"to": [ 16, 16, 16 ],
			"faces": {
				"down": { "uv": [ 16, 16, 0, 14 ], "texture": "#texture", "rotation": 180 },
				"up": { "uv": [ 0, 14, 16, 16 ], "texture": "#texture", "rotation": 180 },
				"north": { "uv": [ 0, 13, 16, 16 ], "texture": "#texture", "rotation": 180 },
				"south": { "uv": [ 16, 3, 0, 0 ], "texture": "#texture", "rotation": 180 },
				"west": { "uv": [ 0, 14, 3, 16 ], "texture": "#texture", "rotation": 90 },
				"east": { "uv": [ 13, 14, 16, 16 ], "texture": "#texture", "rotation": 270 }
			}
		},
		{
			"__comment": "Box1",
			"from": [ 0, 9, 14 ],
			"to": [ 16, 12, 16 ],
			"faces": {
				"down": { "uv": [ 16, 16, 0, 14 ], "texture": "#texture", "rotation": 180 },
				"up": { "uv": [ 0, 14, 16, 16 ], "texture": "#texture", "rotation": 180 },
				"north": { "uv": [ 0, 9, 16, 12 ], "texture": "#texture", "rotation": 180 },
				"south": { "uv": [ 16, 7, 0, 4 ], "texture": "#texture", "rotation": 180 },
				"west": { "uv": [ 4, 14, 7, 16 ], "texture": "#texture", "rotation": 90 },
				"east": { "uv": [ 9, 14, 12, 16 ], "texture": "#texture", "rotation": 270 }
			}
		},
		{
			"__comment": "Box1",
			"from": [ 0, 4, 14 ],
			"to": [ 16, 7, 16 ],
			"faces": {
				"down": { "uv": [ 16, 16, 0, 14 ], "texture": "#texture", "rotation": 180 },
				"up": { "uv": [ 0, 14, 16, 16 ], "texture": "#texture", "rotation": 180 },
				"north": { "uv": [ 0, 4, 16, 7 ], "texture": "#texture", "rotation": 180 },
				"south": { "uv": [ 16, 12, 0, 9 ], "texture": "#texture", "rotation": 180 },
				"west": { "uv": [ 9, 14, 12, 16 ], "texture": "#texture", "rotation": 90 },
				"east": { "uv": [ 4, 14, 7, 16 ], "texture": "#texture", "rotation": 270 }
			}
		},
		{
			"__comment": "Box1",
			"from": [ 0, 0, 14 ],
			"to": [ 16, 3, 16 ],
			"faces": {
				"down": { "uv": [ 16, 16, 0, 14 ], "texture": "#texture", "rotation": 180 },
				"up": { "uv": [ 0, 14, 16, 16 ], "texture": "#texture", "rotation": 180 },
				"north": { "uv": [ 0, 0, 16, 3 ], "texture": "#texture", "rotation": 180 },
				"south": { "uv": [ 16, 16, 0, 13 ], "texture": "#texture", "rotation": 180 },
				"west": { "uv": [ 13, 14, 16, 16 ], "texture": "#texture", "rotation": 90 },
				"east": { "uv": [ 0, 14, 3, 16 ], "texture": "#texture", "rotation": 270 }
			}
		},
		{
			"__comment": "Box1",
			"from": [ 0, 12, 14 ],
			"to": [ 3, 13, 16 ],
			"faces": {
				"down": { "uv": [ 3, 16, 0, 14 ], "texture": "#texture", "rotation": 180 },
				"up": { "uv": [ 13, 14, 16, 16 ], "texture": "#texture", "rotation": 180 },
				"north": { "uv": [ 0, 12, 3, 13 ], "texture": "#texture", "rotation": 180 },
				"south": { "uv": [ 3, 4, 0, 3 ], "texture": "#texture", "rotation": 180 },
				"west": { "uv": [ 3, 14, 4, 16 ], "texture": "#texture", "rotation": 90 },
				"east": { "uv": [ 12, 14, 13, 16 ], "texture": "#texture", "rotation": 270 }
			}
		},
		{
			"__comment": "Box1",
			"from": [ 13, 12, 14 ],
			"to": [ 16, 13, 16 ],
			"faces": {
				"down": { "uv": [ 16, 16, 13, 14 ], "texture": "#texture", "rotation": 180 },
				"up": { "uv": [ 0, 14, 3, 16 ], "texture": "#texture", "rotation": 180 },
				"north": { "uv": [ 13, 12, 16, 13 ], "texture": "#texture", "rotation": 180 },
				"south": { "uv": [ 16, 4, 13, 3 ], "texture": "#texture", "rotation": 180 },
				"west": { "uv": [ 3, 14, 4, 16 ], "texture": "#texture", "rotation": 90 },
				"east": { "uv": [ 12, 14, 13, 16 ], "texture": "#texture", "rotation": 270 }
			}
		},
		{
			"__comment": "Box1",
			"from": [ 0, 7, 14 ],
			"to": [ 3, 9, 16 ],
			"faces": {
				"down": { "uv": [ 3, 16, 0, 14 ], "texture": "#texture", "rotation": 180 },
				"up": { "uv": [ 13, 14, 16, 16 ], "texture": "#texture", "rotation": 180 },
				"north": { "uv": [ 0, 7, 3, 9 ], "texture": "#texture", "rotation": 180 },
				"south": { "uv": [ 3, 9, 0, 7 ], "texture": "#texture", "rotation": 180 },
				"west": { "uv": [ 7, 14, 9, 16 ], "texture": "#texture", "rotation": 90 },
				"east": { "uv": [ 7, 14, 9, 16 ], "texture": "#texture", "rotation": 270 }
			}
		},
		{
			"__comment": "Box1",
			"from": [ 13, 7, 14 ],
			"to": [ 16, 9, 16 ],
			"faces": {
				"down": { "uv": [ 16, 16, 13, 14 ], "texture": "#texture", "rotation": 180 },
				"up": { "uv": [ 0, 14, 3, 16 ], "texture": "#texture", "rotation": 180 },
				"north": { "uv": [ 13, 7, 16, 9 ], "texture": "#texture", "rotation": 180 },
				"south": { "uv": [ 16, 9, 13, 7 ], "texture": "#texture", "rotation": 180 },
				"west": { "uv": [ 7, 14, 9, 16 ], "texture": "#texture", "rotation": 90 },
				"east": { "uv": [ 7, 14, 9, 16 ], "texture": "#texture", "rotation": 270 }
			}
		},
		{
			"__comment": "Box1",
			"from": [ 0, 3, 14 ],
			"to": [ 3, 4, 16 ],
			"faces": {
				"down": { "uv": [ 3, 16, 0, 14 ], "texture": "#texture", "rotation": 180 },
				"up": { "uv": [ 13, 14, 16, 16 ], "texture": "#texture", "rotation": 180 },
				"north": { "uv": [ 0, 3, 3, 4 ], "texture": "#texture", "rotation": 180 },
				"south": { "uv": [ 3, 13, 0, 12 ], "texture": "#texture", "rotation": 180 },
				"west": { "uv": [ 12, 14, 13, 16 ], "texture": "#texture", "rotation": 90 },
				"east": { "uv": [ 3, 14, 4, 16 ], "texture": "#texture", "rotation": 270 }
			}
		},
		{
			"__comment": "Box1",
			"from": [ 13, 3, 14 ],
			"to": [ 16, 4, 16 ],
			"faces": {
				"down": { "uv": [ 16, 16, 13, 14 ], "texture": "#texture", "rotation": 180 },
				"up": { "uv": [ 0, 14, 3, 16 ], "texture": "#texture", "rotation": 180 },
				"north": { "uv": [ 13, 3, 16, 4 ], "texture": "#texture", "rotation": 180 },
				"south": { "uv": [ 16, 13, 13, 12 ], "texture": "#texture", "rotation": 180 },
				"west": { "uv": [ 12, 14, 13, 16 ], "texture": "#texture", "rotation": 90 },
				"east": { "uv": [ 3, 14, 4, 16 ], "texture": "#texture", "rotation": 270 }
			}
		}
	]
}