{
	"__comment": "Designed by QSKSw with Cubik Studio - https://cubik.studio",
	"parent": "block/door_top",
	"textures": {
		"bottom": "block/dark_oak_door_bottom",
		"top": "block/dark_oak_door_top",
		"planks": "block/dark_oak_planks"
	},
	"elements": [ 	 
		{
			"from": [ 0, 0, 0 ],
			"to": [ 2, 16, 16 ],
			"faces": {
				"down": { "uv": [ 0, 0, 3, 16 ], "texture": "#planks" },
				"up": { "uv": [ 0, 0, 3, 16 ], "texture": "#planks" },
				"north": { "uv": [ 0, 0, 1, 16 ], "texture": "#top" },
				"south": { "uv": [ 0, 0, 3, 16 ], "texture": "#planks" },
				"west": { "uv": [ 0, 0, 16, 16 ], "texture": "#top" },
				"east": { "uv": [ 16, 0, 0, 16 ], "texture": "#top" }
			}
		},
		{
			"__comment": "Box2",
			"from": [ -0.5, 0, 11 ],
			"to": [ 2.5, 1, 14 ],
			"faces": {
				"down": { "uv": [ 11, 15, 14, 16 ], "texture": "#top", "rotation": 270 },
				"up": { "uv": [ 11, 15, 14, 16 ], "texture": "#top", "rotation": 90 },
				"north": { "uv": [ 11, 15, 12, 16 ], "texture": "#top" },
				"south": { "uv": [ 13, 15, 14, 16 ], "texture": "#top" },
				"west": { "uv": [ 11, 15, 14, 16 ], "texture": "#top" },
				"east": { "uv": [ 14, 15, 11, 16 ], "texture": "#top" }
			}
		}
	]
}