{
	"__comment": "Designed by QSKSw with Cubik Studio - https://cubik.studio",
	"ambientocclusion": false,
	"textures": {
		"particle": "#bottom",
		"planks": "blocks/e_texture",
		"bottom": "blocks/e_texture"
	},
	"elements": [ 	 
		{
			"from": [ 0, 0, 0 ],
			"to": [ 2, 16, 16 ],
			"faces": {
				"down": { "uv": [ 0, 0, 3, 16 ], "texture": "#planks" },
				"up": { "uv": [ 0, 0, 3, 16 ], "texture": "#planks" },
				"north": { "uv": [ 0, 0, 1, 16 ], "texture": "#bottom" },
				"south": { "uv": [ 0, 0, 3, 16 ], "texture": "#planks" },
				"west": { "uv": [ 0, 0, 16, 16 ], "texture": "#bottom" },
				"east": { "uv": [ 16, 0, 0, 16 ], "texture": "#bottom" }
			}
		}
	]
}