{   "parent": "block/block",
	"gui_light": "front",
    "display": {
        "gui": {
            "rotation": [ 45, 0, 0 ],
            "translation": [ 0, -2.1, 0],
            "scale":[ 1, 0.8, 0.8 ]
        },
        "ground": {
            "rotation": [ 0, 0, 0 ],
            "translation": [ 0, 3, 0],
            "scale":[ 0.4, 0.4, 0.4 ]
        },
        "fixed": {
            "rotation": [ 0, 0, 0 ],
            "translation": [ 0, 0, 0],
            "scale":[ 0.5, 0.5, 0.5 ]
        },
        "firstperson_righthand": {
            "rotation": [ 0, -90, 25 ],
            "translation": [ 1.13, 0.2, 1.13],
            "scale": [ 0.68, 0.68, 0.68 ]
        },
        "head": {
            "rotation": [ -60, 0, 0 ],
            "translation": [ 0, 5, -9],
            "scale":[ 1, 1, 1]
        },
        "thirdperson_righthand": {
            "rotation": [ 0, 0, 0 ],
            "translation": [ -1, 2, 1.5 ],
            "scale": [ 0.375, 0.375, 0.375 ]
        }
    },
    "ambientocclusion": false,
    "textures": {
        "end_rod": "block/end_rod",
        "particle": "block/end_rod"
    },
    "elements": [
        {
            "from": [ 6, 0, 6 ],
            "to": [ 10, 1, 10 ],
            "faces": {
                "down":  { "uv": [ 6, 6, 2, 2 ], "texture": "#end_rod", "cullface": "down" },
                "up":    { "uv": [ 2, 2, 6, 6 ], "texture": "#end_rod" },
                "north": { "uv": [ 2, 6, 6, 7 ], "texture": "#end_rod" },
                "south": { "uv": [ 2, 6, 6, 7 ], "texture": "#end_rod" },
                "west":  { "uv": [ 2, 6, 6, 7 ], "texture": "#end_rod" },
                "east":  { "uv": [ 2, 6, 6, 7 ], "texture": "#end_rod" }
            }
        },
        {
            "from": [ 7, 1, 7 ],
            "to": [ 9, 16, 9 ],
            "faces": {
                "up":    { "uv": [ 2, 0, 4, 2 ], "texture": "#end_rod", "cullface": "up" },
                "north": { "uv": [ 0, 0, 2, 15 ], "texture": "#end_rod" },
                "south": { "uv": [ 0, 0, 2, 15 ], "texture": "#end_rod" },
                "west":  { "uv": [ 0, 0, 2, 15 ], "texture": "#end_rod" },
                "east":  { "uv": [ 0, 0, 2, 15 ], "texture": "#end_rod" }
            }
        }
    ]
}
