{
	"__comment": "Designed by QSKSw with Cubik Studio - https://cubik.studio",
	"parent": "block/carved_pumpkin",
	"ambientocclusion": false,
	"textures": {
		"texture": "entity/villager/profession/farmer"
	},
	"elements": [ 	 
		{
			"__comment": "Box3",
			"from": [ 1, 10, 1 ],
			"to": [ 15, 16, 15 ],
			"faces": {
				"down": { "uv": [ 12, 0, 14, 2 ], "texture": "#texture" },
				"up": { "uv": [ 10, 0, 12, 2 ], "texture": "#texture" },
				"north": { "uv": [ 10, 2, 12, 3 ], "texture": "#texture" },
				"south": { "uv": [ 14, 2, 16, 3 ], "texture": "#texture" },
				"west": { "uv": [ 12, 2, 14, 3 ], "texture": "#texture" },
				"east": { "uv": [ 8, 2, 10, 3 ], "texture": "#texture" }
			}
		},
		{
			"__comment": "Box4",
			"from": [ -8, 10, -6 ],
			"to": [ 24, 10.001, 22 ],
			"faces": {
				"down": { "uv": [ 7.5, 12, 12, 16 ], "texture": "#texture" },
				"up": { "uv": [ 7.5, 12, 12, 16 ], "texture": "#texture" },
				"north": { "uv": [ 0, 15.999, 16, 16 ], "texture": "#texture" },
				"south": { "uv": [ 0, 15.999, 16, 16 ], "texture": "#texture" },
				"west": { "uv": [ 0, 15.999, 16, 16 ], "texture": "#texture" },
				"east": { "uv": [ 0, 15.999, 16, 16 ], "texture": "#texture" }
			}
		}
	]
}