{
	"__comment": "Designed by QSKSw with Cubik Studio - https://cubik.studio",
	"ambientocclusion": false,
	"textures": {
		"particle": "block/flower_pot",
		"flowerpot": "block/flower_pot",
		"dirt": "block/dirt"
	},
	"elements": [ 	 
		{
			"from": [ 4, 4, 4 ],
			"to": [ 5, 6, 12 ],
			"faces": {
				"down": { "uv": [ 4, 4, 5, 12 ], "texture": "#flowerpot" },
				"up": { "uv": [ 4, 4, 5, 12 ], "texture": "#flowerpot" },
				"north": { "uv": [ 11, 10, 12, 12 ], "texture": "#flowerpot" },
				"south": { "uv": [ 4, 10, 5, 12 ], "texture": "#flowerpot" },
				"west": { "uv": [ 4, 10, 12, 12 ], "texture": "#flowerpot" },
				"east": { "uv": [ 4, 10, 12, 12 ], "texture": "#flowerpot" }
			}
		},
		{
			"from": [ 5, 0, 5 ],
			"to": [ 6, 5, 11 ],
			"faces": {
				"down": { "uv": [ 5, 5, 6, 11 ], "texture": "#flowerpot" },
				"up": { "uv": [ 5, 5, 6, 11 ], "texture": "#flowerpot" },
				"north": { "uv": [ 10, 11, 11, 16 ], "texture": "#flowerpot" },
				"south": { "uv": [ 5, 11, 6, 16 ], "texture": "#flowerpot" },
				"west": { "uv": [ 5, 11, 11, 16 ], "texture": "#flowerpot" },
				"east": { "uv": [ 5, 11, 11, 16 ], "texture": "#flowerpot" }
			}
		},
		{
			"from": [ 5, 4, 4 ],
			"to": [ 11, 6, 5 ],
			"faces": {
				"down": { "uv": [ 5, 11, 11, 12 ], "texture": "#flowerpot" },
				"up": { "uv": [ 5, 4, 11, 5 ], "texture": "#flowerpot" },
				"north": { "uv": [ 5, 10, 11, 12 ], "texture": "#flowerpot" },
				"south": { "uv": [ 5, 10, 11, 12 ], "texture": "#flowerpot" },
				"west": { "uv": [ 4, 10, 5, 12 ], "texture": "#flowerpot" },
				"east": { "uv": [ 11, 10, 12, 12 ], "texture": "#flowerpot" }
			}
		},
		{
			"from": [ 5, 4, 11 ],
			"to": [ 11, 6, 12 ],
			"faces": {
				"down": { "uv": [ 5, 4, 11, 5 ], "texture": "#flowerpot" },
				"up": { "uv": [ 5, 11, 11, 12 ], "texture": "#flowerpot" },
				"north": { "uv": [ 5, 10, 11, 12 ], "texture": "#flowerpot" },
				"south": { "uv": [ 5, 10, 11, 12 ], "texture": "#flowerpot" },
				"west": { "uv": [ 11, 10, 12, 12 ], "texture": "#flowerpot" },
				"east": { "uv": [ 4, 10, 5, 12 ], "texture": "#flowerpot" }
			}
		},
		{
			"from": [ 11, 4, 4 ],
			"to": [ 12, 6, 12 ],
			"faces": {
				"down": { "uv": [ 11, 4, 12, 12 ], "texture": "#flowerpot" },
				"up": { "uv": [ 11, 4, 12, 12 ], "texture": "#flowerpot" },
				"north": { "uv": [ 4, 10, 5, 12 ], "texture": "#flowerpot" },
				"south": { "uv": [ 11, 10, 12, 12 ], "texture": "#flowerpot" },
				"west": { "uv": [ 4, 10, 12, 12 ], "texture": "#flowerpot" },
				"east": { "uv": [ 4, 10, 12, 12 ], "texture": "#flowerpot" }
			}
		},
		{
			"from": [ 10, 0, 5 ],
			"to": [ 11, 5, 11 ],
			"faces": {
				"down": { "uv": [ 10, 5, 11, 11 ], "texture": "#flowerpot" },
				"up": { "uv": [ 10, 5, 11, 11 ], "texture": "#flowerpot" },
				"north": { "uv": [ 5, 11, 6, 16 ], "texture": "#flowerpot" },
				"south": { "uv": [ 10, 11, 11, 16 ], "texture": "#flowerpot" },
				"west": { "uv": [ 5, 11, 11, 16 ], "texture": "#flowerpot" },
				"east": { "uv": [ 5, 11, 11, 16 ], "texture": "#flowerpot" }
			}
		},
		{
			"from": [ 6, 0, 5 ],
			"to": [ 10, 5, 6 ],
			"faces": {
				"down": { "uv": [ 6, 10, 10, 11 ], "texture": "#flowerpot" },
				"up": { "uv": [ 6, 5, 10, 6 ], "texture": "#flowerpot" },
				"north": { "uv": [ 6, 11, 10, 16 ], "texture": "#flowerpot" },
				"south": { "uv": [ 6, 11, 10, 16 ], "texture": "#flowerpot" },
				"west": { "uv": [ 5, 11, 6, 16 ], "texture": "#flowerpot" },
				"east": { "uv": [ 10, 11, 11, 16 ], "texture": "#flowerpot" }
			}
		},
		{
			"from": [ 6, 0, 10 ],
			"to": [ 10, 5, 11 ],
			"faces": {
				"down": { "uv": [ 6, 5, 10, 6 ], "texture": "#flowerpot" },
				"up": { "uv": [ 6, 10, 10, 11 ], "texture": "#flowerpot" },
				"north": { "uv": [ 6, 11, 10, 16 ], "texture": "#flowerpot" },
				"south": { "uv": [ 6, 11, 10, 16 ], "texture": "#flowerpot" },
				"west": { "uv": [ 10, 11, 11, 16 ], "texture": "#flowerpot" },
				"east": { "uv": [ 5, 11, 6, 16 ], "texture": "#flowerpot" }
			}
		},
		{
			"from": [ 6, 0, 6 ],
			"to": [ 10, 1, 10 ],
			"faces": {
				"down": { "uv": [ 6, 6, 10, 10 ], "texture": "#flowerpot" },
				"up": { "uv": [ 6, 6, 10, 10 ], "texture": "#flowerpot" },
				"north": { "uv": [ 6, 15, 10, 16 ], "texture": "#flowerpot" },
				"south": { "uv": [ 6, 15, 10, 16 ], "texture": "#flowerpot" },
				"west": { "uv": [ 6, 15, 10, 16 ], "texture": "#flowerpot" },
				"east": { "uv": [ 6, 15, 10, 16 ], "texture": "#flowerpot" }
			}
		}
	]
}