{
	"__comment": "Designed by QSKSw with Cubik Studio - https://cubik.studio",
	"parent": "block/block",
	"textures": {
		"front": "block/fraugbox_front",
		"right": "block/fraugbox_right",
		"left": "block/fraugbox_left",
		"back": "block/fraugbox_back",
		"top": "block/fraugbox_yellow",
		"bottom": "block/fraugbox_yellow"
	},
	"elements": [ 	 
		{
			"__comment": "Box1",
			"from": [ 1.5, 0, 6 ],
			"to": [ 14.5, 16, 10 ],
			"faces": {
				"down": { "uv": [ 0, 0, 16, 16 ], "texture": "#bottom" },
				"up": { "uv": [ 0, 0, 16, 16 ], "texture": "#top" },
				"north": { "uv": [ 0, 0, 16, 16 ], "texture": "#front" },
				"south": { "uv": [ 0, 0, 16, 16 ], "texture": "#back" },
				"west": { "uv": [ 0, 0, 16, 16 ], "texture": "#left" },
				"east": { "uv": [ 0, 0, 16, 16 ], "texture": "#right" }
			}
		}
	],
    "gui_light": "front",
    "display": {
        "gui": {
            "rotation": [ 0, 180, 0 ],
            "translation": [ 0, -0.2, 0],
            "scale":[ 0.8, 0.8, 0.8 ]
        },
        "ground": {
            "rotation": [ 0, 0, 0 ],
            "translation": [ 0, 3, 0],
            "scale":[ 0.5, 0.5, 0.5 ]
        },
        "fixed": {
            "rotation": [ 0, 0, 0 ],
            "translation": [ 0, 0, 0],
            "scale":[ 1, 1, 1 ]
        },
        "thirdperson_righthand": {
            "rotation": [ 0, 135	, 0 ],
            "translation": [ -2, 0.5, 0],
            "scale": [ 0.375, 0.375, 0.375 ]
        },
        "firstperson_righthand": {
            "rotation": [ 0, 145, 0 ],
            "translation": [ -0.5, 2, 0 ],
            "scale": [ 0.50, 0.50, 0.50 ]
        },
		"head": {
            "rotation": [ 90, 0, 0 ],
            "translation": [ 0, 8, 0],
            "scale":[ 1, 1, 1 ]
        }
    }
}