{
	"__comment": "Designed by QSKSw with Cubik Studio - https://cubik.studio",
	"ambientocclusion": false,
	"textures": {
		"particle": "#bars",
		"bars": "block/iron_bars"
	},
	"elements": [ 	 
		{
			"__comment": "Box5",
			"from": [ 7, 0, 8 ],
			"to": [ 9, 1, 15 ],
			"faces": {
				"down": { "uv": [ 7, 8, 9, 15 ], "texture": "#bars" },
				"up": { "uv": [ 7, 8, 9, 15 ], "texture": "#bars" },
				"north": { "uv": [ 7, 15, 9, 16 ], "texture": "#bars" },
				"south": { "uv": [ 7, 15, 9, 16 ], "texture": "#bars" },
				"west": { "uv": [ 0, 15, 7, 16 ], "texture": "#bars" },
				"east": { "uv": [ 9, 15, 16, 16 ], "texture": "#bars" }
			}
		},
		{
			"__comment": "Box5",
			"from": [ 7, 15, 8 ],
			"to": [ 9, 16, 15 ],
			"faces": {
				"down": { "uv": [ 7, 8, 9, 15 ], "texture": "#bars" },
				"up": { "uv": [ 7, 8, 9, 15 ], "texture": "#bars" },
				"north": { "uv": [ 7, 0, 9, 1 ], "texture": "#bars" },
				"south": { "uv": [ 7, 0, 9, 1 ], "texture": "#bars" },
				"west": { "uv": [ 0, 0, 7, 1 ], "texture": "#bars" },
				"east": { "uv": [ 9, 0, 16, 1 ], "texture": "#bars" }
			}
		},
		{
			"__comment": "Box7",
			"from": [ 7, 7, 8 ],
			"to": [ 9, 9, 10 ],
			"faces": {
				"down": { "uv": [ 7, 14, 9, 16 ], "texture": "#bars" },
				"up": { "uv": [ 7, 0, 9, 2 ], "texture": "#bars" },
				"north": { "uv": [ 7, 7, 9, 9 ], "texture": "#bars" },
				"south": { "uv": [ 7, 7, 9, 9 ], "texture": "#bars" },
				"west": { "uv": [ 0, 7, 2, 9 ], "texture": "#bars" },
				"east": { "uv": [ 14, 7, 16, 9 ], "texture": "#bars" }
			}
		},
		{
			"__comment": "Box7",
			"from": [ 7, 3, 12 ],
			"to": [ 9, 5, 15 ],
			"faces": {
				"down": { "uv": [ 7, 9, 9, 12 ], "texture": "#bars" },
				"up": { "uv": [ 7, 4, 9, 7 ], "texture": "#bars" },
				"north": { "uv": [ 7, 11, 9, 13 ], "texture": "#bars" },
				"south": { "uv": [ 7, 11, 9, 13 ], "texture": "#bars" },
				"west": { "uv": [ 9, 11, 12, 13 ], "texture": "#bars" },
				"east": { "uv": [ 4, 3, 7, 5 ], "texture": "#bars" }
			}
		},
		{
			"__comment": "Box10",
			"from": [ 7, 1, 10 ],
			"to": [ 9, 15, 12 ],
			"faces": {
				"down": { "uv": [ 7, 12, 9, 14 ], "texture": "#bars" },
				"up": { "uv": [ 7, 2, 9, 4 ], "texture": "#bars" },
				"north": { "uv": [ 7, 1, 9, 15 ], "texture": "#bars" },
				"south": { "uv": [ 7, 1, 9, 15 ], "texture": "#bars" },
				"west": { "uv": [ 2, 1, 4, 15 ], "texture": "#bars" },
				"east": { "uv": [ 12, 1, 14, 15 ], "texture": "#bars" }
			}
		},
		{
			"__comment": "Box10",
			"from": [ 7, 0, 15 ],
			"to": [ 9, 16, 16 ],
			"faces": {
				"down": { "uv": [ 7, 15, 9, 16 ], "texture": "#bars" },
				"up": { "uv": [ 7, 15, 9, 16 ], "texture": "#bars" },
				"north": { "uv": [ 7, 0, 9, 16 ], "texture": "#bars" },
				"south": { "uv": [ 7, 0, 9, 16 ], "texture": "#bars" },
				"west": { "uv": [ 7, 0, 8, 16 ], "texture": "#bars" },
				"east": { "uv": [ 8, 0, 9, 16 ], "texture": "#bars" }
			}
		},
		{
			"__comment": "Box5",
			"from": [ 7, 0, 1 ],
			"to": [ 9, 1, 8 ],
			"faces": {
				"down": { "uv": [ 7, 1, 9, 8 ], "texture": "#bars" },
				"up": { "uv": [ 7, 1, 9, 8 ], "texture": "#bars" },
				"north": { "uv": [ 7, 15, 9, 16 ], "texture": "#bars" },
				"south": { "uv": [ 7, 15, 9, 16 ], "texture": "#bars" },
				"west": { "uv": [ 9, 15, 16, 16 ], "texture": "#bars" },
				"east": { "uv": [ 0, 15, 7, 16 ], "texture": "#bars" }
			}
		},
		{
			"__comment": "Box5",
			"from": [ 7, 15, 1 ],
			"to": [ 9, 16, 8 ],
			"faces": {
				"down": { "uv": [ 7, 1, 9, 8 ], "texture": "#bars" },
				"up": { "uv": [ 7, 1, 9, 8 ], "texture": "#bars" },
				"north": { "uv": [ 7, 0, 9, 1 ], "texture": "#bars" },
				"south": { "uv": [ 7, 0, 9, 1 ], "texture": "#bars" },
				"west": { "uv": [ 9, 0, 16, 1 ], "texture": "#bars" },
				"east": { "uv": [ 0, 0, 7, 1 ], "texture": "#bars" }
			}
		},
		{
			"__comment": "Box7",
			"from": [ 7, 0, 0 ],
			"to": [ 9, 16, 1 ],
			"faces": {
				"down": { "uv": [ 7, 0, 9, 1 ], "texture": "#bars" },
				"up": { "uv": [ 7, 0, 9, 1 ], "texture": "#bars" },
				"north": { "uv": [ 7, 0, 9, 16 ], "texture": "#bars" },
				"south": { "uv": [ 7, 0, 9, 16 ], "texture": "#bars" },
				"west": { "uv": [ 8, 0, 9, 16 ], "texture": "#bars" },
				"east": { "uv": [ 7, 0, 8, 16 ], "texture": "#bars" }
			}
		},
		{
			"__comment": "Box8",
			"from": [ 7, 1, 4 ],
			"to": [ 9, 15, 6 ],
			"faces": {
				"down": { "uv": [ 7, 2, 9, 4 ], "texture": "#bars" },
				"up": { "uv": [ 7, 12, 9, 14 ], "texture": "#bars" },
				"north": { "uv": [ 7, 1, 9, 15 ], "texture": "#bars" },
				"south": { "uv": [ 7, 1, 9, 15 ], "texture": "#bars" },
				"west": { "uv": [ 12, 1, 14, 15 ], "texture": "#bars" },
				"east": { "uv": [ 2, 1, 4, 15 ], "texture": "#bars" }
			}
		},
		{
			"__comment": "Box9",
			"from": [ 7, 11, 1 ],
			"to": [ 9, 13, 4 ],
			"faces": {
				"down": { "uv": [ 7, 4, 9, 7 ], "texture": "#bars" },
				"up": { "uv": [ 7, 9, 9, 12 ], "texture": "#bars" },
				"north": { "uv": [ 7, 3, 9, 5 ], "texture": "#bars" },
				"south": { "uv": [ 7, 3, 9, 5 ], "texture": "#bars" },
				"west": { "uv": [ 4, 3, 7, 5 ], "texture": "#bars" },
				"east": { "uv": [ 9, 11, 12, 13 ], "texture": "#bars" }
			}
		},
		{
			"__comment": "Box10",
			"from": [ 7, 7, 6 ],
			"to": [ 9, 9, 8 ],
			"faces": {
				"down": { "uv": [ 7, 0, 9, 2 ], "texture": "#bars" },
				"up": { "uv": [ 7, 14, 9, 16 ], "texture": "#bars" },
				"north": { "uv": [ 7, 7, 9, 9 ], "texture": "#bars" },
				"south": { "uv": [ 7, 7, 9, 9 ], "texture": "#bars" },
				"west": { "uv": [ 14, 7, 16, 9 ], "texture": "#bars" },
				"east": { "uv": [ 0, 7, 2, 9 ], "texture": "#bars" }
			}
		}
	]
}