{
	"__comment": "Designed by QSKSw with Cubik Studio - https://cubik.studio",
	"ambientocclusion": false,
	"textures": {
		"particle": "#bars",
		"bars": "block/iron_bars"
	},
	"elements": [ 	 
		{
			"__comment": "Box3",
			"from": [ 7, 0, 7 ],
			"to": [ 9, 16, 9 ],
			"faces": {
				"down": { "uv": [ 7, 7, 9, 9 ], "texture": "#bars" },
				"up": { "uv": [ 7, 7, 9, 9 ], "texture": "#bars" },
				"north": { "uv": [ 7, 0, 9, 16 ], "texture": "#bars" },
				"south": { "uv": [ 7, 0, 9, 16 ], "texture": "#bars" },
				"west": { "uv": [ 7, 0, 9, 16 ], "texture": "#bars" },
				"east": { "uv": [ 7, 0, 9, 16 ], "texture": "#bars" }
			}
		}
	]
}