{
	"__comment": "Designed by QSKSw with Cubik Studio - https://cubik.studio",
	"parent": "block/door_top",
	"textures": {
		"bottom": "block/jungle_door_bottom",
		"top": "block/jungle_door_top",
		"planks": "block/jungle_planks"
	},
	"elements": [ 	 
		{
			"__comment": "Box28",
			"from": [ 0, 0, 0 ],
			"to": [ 2, 4, 16 ],
			"faces": {
				"up": { "uv": [ 0, 0, 3, 16 ], "texture": "#planks" },
				"north": { "uv": [ 0, 12, 1, 16 ], "texture": "#top" },
				"south": { "uv": [ 0.5, 12, 2.5, 16 ], "texture": "#planks" },
				"west": { "uv": [ 0, 12, 16, 16 ], "texture": "#top" },
				"east": { "uv": [ 16, 12, 0, 16 ], "texture": "#top" }
			}
		},
		{
			"__comment": "Box29",
			"from": [ 0, 4, 0 ],
			"to": [ 2, 5, 7 ],
			"faces": {
				"down": { "uv": [ 0, 9, 3, 16 ], "texture": "#planks" },
				"up": { "uv": [ 0, 0, 3, 7 ], "texture": "#planks" },
				"north": { "uv": [ 0, 11, 1, 12 ], "texture": "#top" },
				"south": { "uv": [ 0, 11, 3, 12 ], "texture": "#planks" },
				"west": { "uv": [ 0, 11, 7, 12 ], "texture": "#top" },
				"east": { "uv": [ 7, 11, 0, 12 ], "texture": "#top" }
			}
		},
		{
			"__comment": "Box30",
			"from": [ 0, 4, 9 ],
			"to": [ 2, 5, 16 ],
			"faces": {
				"down": { "uv": [ 0, 0, 3, 7 ], "texture": "#planks" },
				"up": { "uv": [ 0, 9, 3, 16 ], "texture": "#planks" },
				"north": { "uv": [ 13, 11, 16, 12 ], "texture": "#planks" },
				"south": { "uv": [ 0.5, 11, 2.5, 12 ], "texture": "#planks" },
				"west": { "uv": [ 9, 11, 16, 12 ], "texture": "#top" },
				"east": { "uv": [ 16, 11, 9, 12 ], "texture": "#top" }
			}
		},
		{
			"__comment": "Box31",
			"from": [ 0, 5, 0 ],
			"to": [ 2, 6, 6 ],
			"faces": {
				"down": { "uv": [ 0, 10, 3, 16 ], "texture": "#planks" },
				"up": { "uv": [ 0, 0, 3, 6 ], "texture": "#planks" },
				"north": { "uv": [ 0, 10, 1, 11 ], "texture": "#top" },
				"south": { "uv": [ 0, 10, 3, 11 ], "texture": "#planks" },
				"west": { "uv": [ 0, 10, 6, 11 ], "texture": "#top" },
				"east": { "uv": [ 6, 10, 0, 11 ], "texture": "#top" }
			}
		},
		{
			"__comment": "Box32",
			"from": [ 0, 5, 10 ],
			"to": [ 2, 6, 16 ],
			"faces": {
				"down": { "uv": [ 0, 0, 3, 6 ], "texture": "#planks" },
				"up": { "uv": [ 0, 10, 3, 16 ], "texture": "#planks" },
				"north": { "uv": [ 13, 10, 16, 11 ], "texture": "#planks" },
				"south": { "uv": [ 0.5, 10, 2.5, 11 ], "texture": "#planks" },
				"west": { "uv": [ 10, 10, 16, 11 ], "texture": "#top" },
				"east": { "uv": [ 16, 10, 10, 11 ], "texture": "#top" }
			}
		},
		{
			"__comment": "Box33",
			"from": [ 0, 6, 0 ],
			"to": [ 2, 8, 16 ],
			"faces": {
				"down": { "uv": [ 0, 0, 3, 16 ], "texture": "#planks" },
				"up": { "uv": [ 0, 0, 3, 16 ], "texture": "#planks" },
				"north": { "uv": [ 0, 8, 1, 10 ], "texture": "#top" },
				"south": { "uv": [ 0.5, 8, 2.5, 10 ], "texture": "#planks" },
				"west": { "uv": [ 0, 8, 16, 10 ], "texture": "#top" },
				"east": { "uv": [ 16, 8, 0, 10 ], "texture": "#top" }
			}
		},
		{
			"__comment": "Box34",
			"from": [ 0, 8, 0 ],
			"to": [ 2, 11, 4 ],
			"faces": {
				"down": { "uv": [ 0, 12, 3, 16 ], "texture": "#planks" },
				"up": { "uv": [ 0, 0, 3, 4 ], "texture": "#planks" },
				"north": { "uv": [ 0, 5, 1, 8 ], "texture": "#top" },
				"south": { "uv": [ 0, 5, 3, 8 ], "texture": "#planks" },
				"west": { "uv": [ 0, 5, 4, 8 ], "texture": "#top" },
				"east": { "uv": [ 4, 5, 0, 8 ], "texture": "#top" }
			}
		},
		{
			"__comment": "Box37",
			"from": [ 0, 8, 12 ],
			"to": [ 2, 11, 16 ],
			"faces": {
				"down": { "uv": [ 0, 0, 3, 4 ], "texture": "#planks" },
				"up": { "uv": [ 0, 12, 3, 16 ], "texture": "#planks" },
				"north": { "uv": [ 13, 5, 16, 8 ], "texture": "#planks" },
				"south": { "uv": [ 0.5, 5, 2.5, 8 ], "texture": "#planks" },
				"west": { "uv": [ 12, 5, 16, 8 ], "texture": "#top" },
				"east": { "uv": [ 16, 5, 12, 8 ], "texture": "#top" }
			}
		},
		{
			"__comment": "Box38",
			"from": [ 0, 11, 0 ],
			"to": [ 2, 12, 5 ],
			"faces": {
				"down": { "uv": [ 0, 11, 3, 16 ], "texture": "#planks" },
				"up": { "uv": [ 0, 0, 3, 5 ], "texture": "#planks" },
				"north": { "uv": [ 0, 4, 1, 5 ], "texture": "#top" },
				"south": { "uv": [ 0, 4, 3, 5 ], "texture": "#planks" },
				"west": { "uv": [ 0, 4, 5, 5 ], "texture": "#top" },
				"east": { "uv": [ 5, 4, 0, 5 ], "texture": "#top" }
			}
		},
		{
			"__comment": "Box39",
			"from": [ 0, 11, 11 ],
			"to": [ 2, 12, 16 ],
			"faces": {
				"down": { "uv": [ 0, 0, 3, 5 ], "texture": "#planks" },
				"up": { "uv": [ 0, 11, 3, 16 ], "texture": "#planks" },
				"north": { "uv": [ 13, 4, 16, 5 ], "texture": "#planks" },
				"south": { "uv": [ 0.5, 4, 2.5, 5 ], "texture": "#planks" },
				"west": { "uv": [ 11, 4, 16, 5 ], "texture": "#top" },
				"east": { "uv": [ 16, 4, 11, 5 ], "texture": "#top" }
			}
		},
		{
			"__comment": "Box42",
			"from": [ 0, 8, 6 ],
			"to": [ 2, 12, 7 ],
			"faces": {
				"down": { "uv": [ 0, 9, 3, 10 ], "texture": "#planks" },
				"up": { "uv": [ 0, 6, 3, 7 ], "texture": "#planks" },
				"north": { "uv": [ 13, 4, 16, 8 ], "texture": "#planks" },
				"south": { "uv": [ 0, 4, 3, 8 ], "texture": "#planks" },
				"west": { "uv": [ 6, 4, 7, 8 ], "texture": "#top" },
				"east": { "uv": [ 9, 4, 10, 8 ], "texture": "#top" }
			}
		},
		{
			"__comment": "Box43",
			"from": [ 0, 8, 9 ],
			"to": [ 2, 12, 10 ],
			"faces": {
				"down": { "uv": [ 0, 6, 3, 7 ], "texture": "#planks" },
				"up": { "uv": [ 0, 9, 3, 10 ], "texture": "#planks" },
				"north": { "uv": [ 13, 4, 16, 8 ], "texture": "#planks" },
				"south": { "uv": [ 0, 4, 3, 8 ], "texture": "#planks" },
				"west": { "uv": [ 9, 4, 10, 8 ], "texture": "#top" },
				"east": { "uv": [ 6, 4, 7, 8 ], "texture": "#top" }
			}
		},
		{
			"__comment": "Box44",
			"from": [ 0, 12, 0 ],
			"to": [ 2, 13, 7 ],
			"faces": {
				"down": { "uv": [ 0, 9, 3, 16 ], "texture": "#planks" },
				"up": { "uv": [ 0, 0, 3, 7 ], "texture": "#planks" },
				"north": { "uv": [ 0, 3, 1, 4 ], "texture": "#top" },
				"south": { "uv": [ 0, 3, 3, 4 ], "texture": "#planks" },
				"west": { "uv": [ 0, 3, 7, 4 ], "texture": "#top" },
				"east": { "uv": [ 7, 3, 0, 4 ], "texture": "#top" }
			}
		},
		{
			"__comment": "Box45",
			"from": [ 0, 12, 9 ],
			"to": [ 2, 13, 16 ],
			"faces": {
				"down": { "uv": [ 0, 0, 3, 7 ], "texture": "#planks" },
				"up": { "uv": [ 0, 9, 3, 16 ], "texture": "#planks" },
				"north": { "uv": [ 13, 3, 16, 4 ], "texture": "#planks" },
				"south": { "uv": [ 0.5, 3, 2.5, 4 ], "texture": "#planks" },
				"west": { "uv": [ 9, 3, 16, 4 ], "texture": "#top" },
				"east": { "uv": [ 16, 3, 9, 4 ], "texture": "#top" }
			}
		},
		{
			"__comment": "Box46",
			"from": [ 0, 13, 0 ],
			"to": [ 2, 16, 16 ],
			"faces": {
				"down": { "uv": [ 0, 0, 3, 16 ], "texture": "#planks" },
				"up": { "uv": [ 0, 0, 16, 3 ], "texture": "#planks", "rotation": 90 },
				"north": { "uv": [ 0, 0, 1, 3 ], "texture": "#top" },
				"south": { "uv": [ 0.5, 0, 2.5, 3 ], "texture": "#planks" },
				"west": { "uv": [ 0, 0, 16, 3 ], "texture": "#top" },
				"east": { "uv": [ 16, 0, 0, 3 ], "texture": "#top" }
			}
		},
		{
			"__comment": "Box7",
			"from": [ -0.5, 1, 11 ],
			"to": [ 2.5, 2, 14 ],
			"faces": {
				"down": { "uv": [ 11, 14, 14, 15 ], "texture": "#top", "rotation": 270 },
				"up": { "uv": [ 11, 14, 14, 15 ], "texture": "#top", "rotation": 90 },
				"north": { "uv": [ 11, 14, 12, 15 ], "texture": "#top" },
				"south": { "uv": [ 13, 14, 14, 15 ], "texture": "#top" },
				"west": { "uv": [ 11, 14, 14, 15 ], "texture": "#top" },
				"east": { "uv": [ 14, 14, 11, 15 ], "texture": "#top" }
			}
		},
		{
			"__comment": "Box8",
			"from": [ -0.5, 0, 11 ],
			"to": [ 2.5, 1, 12 ],
			"faces": {
				"down": { "uv": [ 11, 15, 12, 16 ], "texture": "#top" },
				"up": { "uv": [ 11, 15, 12, 16 ], "texture": "#top" },
				"north": { "uv": [ 11, 15, 12, 16 ], "texture": "#top" },
				"south": { "uv": [ 11, 15, 12, 16 ], "texture": "#top" },
				"west": { "uv": [ 11, 15, 12, 16 ], "texture": "#top" },
				"east": { "uv": [ 11, 15, 12, 16 ], "texture": "#top" }
			}
		}
	]
}