{
	"__comment": "Designed by QSKSw with Cubik Studio - https://cubik.studio",
	"parent": "block/template_orientable_trapdoor_top",
	"textures": {
		"texture": "block/jungle_trapdoor"
	},
	"elements": [ 	 
		{
			"__comment": "Box16",
			"from": [ 0, 14, 13 ],
			"to": [ 16, 16, 16 ],
			"faces": {
				"down": { "uv": [ 0, 0, 16, 3 ], "texture": "#texture" },
				"up": { "uv": [ 0, 0, 16, 3 ], "texture": "#texture", "rotation": 180 },
				"north": { "uv": [ 16, 2, 0, 0 ], "texture": "#texture" },
				"south": { "uv": [ 16, 2, 0, 0 ], "texture": "#texture" },
				"west": { "uv": [ 0, 0, 3, 2 ], "texture": "#texture", "rotation": 180 },
				"east": { "uv": [ 13, 0, 16, 2 ], "texture": "#texture", "rotation": 180 }
			}
		},
		{
			"__comment": "Box17",
			"from": [ 0, 14, 0 ],
			"to": [ 16, 16, 4 ],
			"faces": {
				"down": { "uv": [ 0, 12, 16, 16 ], "texture": "#texture" },
				"up": { "uv": [ 0, 12, 16, 16 ], "texture": "#texture", "rotation": 180 },
				"north": { "uv": [ 16, 2, 0, 0 ], "texture": "#texture" },
				"south": { "uv": [ 16, 2, 0, 0 ], "texture": "#texture" },
				"west": { "uv": [ 12, 0, 16, 2 ], "texture": "#texture", "rotation": 180 },
				"east": { "uv": [ 0, 0, 4, 2 ], "texture": "#texture", "rotation": 180 }
			}
		},
		{
			"__comment": "Box18",
			"from": [ 11, 14, 4 ],
			"to": [ 16, 16, 5 ],
			"faces": {
				"down": { "uv": [ 11, 11, 16, 12 ], "texture": "#texture" },
				"up": { "uv": [ 0, 11, 5, 12 ], "texture": "#texture", "rotation": 180 },
				"north": { "uv": [ 16, 2, 11, 0 ], "texture": "#texture" },
				"south": { "uv": [ 5, 2, 0, 0 ], "texture": "#texture" },
				"west": { "uv": [ 11, 0, 12, 2 ], "texture": "#texture", "rotation": 180 },
				"east": { "uv": [ 4, 0, 5, 2 ], "texture": "#texture", "rotation": 180 }
			}
		},
		{
			"__comment": "Box19",
			"from": [ 0, 14, 4 ],
			"to": [ 5, 16, 5 ],
			"faces": {
				"down": { "uv": [ 0, 11, 5, 12 ], "texture": "#texture" },
				"up": { "uv": [ 11, 11, 16, 12 ], "texture": "#texture", "rotation": 180 },
				"north": { "uv": [ 5, 2, 0, 0 ], "texture": "#texture" },
				"south": { "uv": [ 16, 2, 11, 0 ], "texture": "#texture" },
				"west": { "uv": [ 11, 0, 12, 2 ], "texture": "#texture", "rotation": 180 },
				"east": { "uv": [ 4, 0, 5, 2 ], "texture": "#texture", "rotation": 180 }
			}
		},
		{
			"__comment": "Box20",
			"from": [ 12, 14, 5 ],
			"to": [ 16, 16, 7 ],
			"faces": {
				"down": { "uv": [ 12, 9, 16, 11 ], "texture": "#texture" },
				"up": { "uv": [ 0, 9, 4, 11 ], "texture": "#texture", "rotation": 180 },
				"north": { "uv": [ 16, 2, 12, 0 ], "texture": "#texture" },
				"south": { "uv": [ 4, 2, 0, 0 ], "texture": "#texture" },
				"west": { "uv": [ 9, 0, 11, 2 ], "texture": "#texture", "rotation": 180 },
				"east": { "uv": [ 5, 0, 7, 2 ], "texture": "#texture", "rotation": 180 }
			}
		},
		{
			"__comment": "Box21",
			"from": [ 0, 14, 5 ],
			"to": [ 4, 16, 7 ],
			"faces": {
				"down": { "uv": [ 0, 9, 4, 11 ], "texture": "#texture" },
				"up": { "uv": [ 12, 9, 16, 11 ], "texture": "#texture", "rotation": 180 },
				"north": { "uv": [ 4, 2, 0, 0 ], "texture": "#texture" },
				"south": { "uv": [ 16, 2, 12, 0 ], "texture": "#texture" },
				"west": { "uv": [ 9, 0, 11, 2 ], "texture": "#texture", "rotation": 180 },
				"east": { "uv": [ 5, 0, 7, 2 ], "texture": "#texture", "rotation": 180 }
			}
		},
		{
			"__comment": "Box23",
			"from": [ 9, 14, 4 ],
			"to": [ 10, 16, 7 ],
			"faces": {
				"down": { "uv": [ 9, 9, 10, 12 ], "texture": "#texture" },
				"up": { "uv": [ 6, 9, 7, 12 ], "texture": "#texture", "rotation": 180 },
				"north": { "uv": [ 10, 2, 9, 0 ], "texture": "#texture" },
				"south": { "uv": [ 7, 2, 6, 0 ], "texture": "#texture" },
				"west": { "uv": [ 9, 0, 12, 2 ], "texture": "#texture", "rotation": 180 },
				"east": { "uv": [ 4, 0, 7, 2 ], "texture": "#texture", "rotation": 180 }
			}
		},
		{
			"__comment": "Box24",
			"from": [ 6, 14, 4 ],
			"to": [ 7, 16, 7 ],
			"faces": {
				"down": { "uv": [ 6, 9, 7, 12 ], "texture": "#texture" },
				"up": { "uv": [ 9, 9, 10, 12 ], "texture": "#texture", "rotation": 180 },
				"north": { "uv": [ 7, 2, 6, 0 ], "texture": "#texture" },
				"south": { "uv": [ 10, 2, 9, 0 ], "texture": "#texture" },
				"west": { "uv": [ 9, 0, 12, 2 ], "texture": "#texture", "rotation": 180 },
				"east": { "uv": [ 4, 0, 7, 2 ], "texture": "#texture", "rotation": 180 }
			}
		},
		{
			"__comment": "Box25",
			"from": [ 0, 14, 7 ],
			"to": [ 16, 16, 9 ],
			"faces": {
				"down": { "uv": [ 0, 7, 16, 9 ], "texture": "#texture" },
				"up": { "uv": [ 0, 7, 16, 9 ], "texture": "#texture", "rotation": 180 },
				"north": { "uv": [ 16, 2, 0, 0 ], "texture": "#texture" },
				"south": { "uv": [ 16, 2, 0, 0 ], "texture": "#texture" },
				"west": { "uv": [ 7, 0, 9, 2 ], "texture": "#texture", "rotation": 180 },
				"east": { "uv": [ 7, 0, 9, 2 ], "texture": "#texture", "rotation": 180 }
			}
		},
		{
			"__comment": "Box26",
			"from": [ 13, 14, 9 ],
			"to": [ 16, 16, 11 ],
			"faces": {
				"down": { "uv": [ 16, 7, 13, 5 ], "texture": "#texture", "rotation": 180 },
				"up": { "uv": [ 0, 5, 3, 7 ], "texture": "#texture", "rotation": 180 },
				"north": { "uv": [ 16, 2, 13, 0 ], "texture": "#texture" },
				"south": { "uv": [ 3, 2, 0, 0 ], "texture": "#texture" },
				"west": { "uv": [ 5, 0, 7, 2 ], "texture": "#texture", "rotation": 180 },
				"east": { "uv": [ 9, 0, 11, 2 ], "texture": "#texture", "rotation": 180 }
			}
		},
		{
			"__comment": "Box27",
			"from": [ 0, 14, 9 ],
			"to": [ 3, 16, 11 ],
			"faces": {
				"down": { "uv": [ 0, 5, 3, 7 ], "texture": "#texture" },
				"up": { "uv": [ 13, 5, 16, 7 ], "texture": "#texture", "rotation": 180 },
				"north": { "uv": [ 3, 2, 0, 0 ], "texture": "#texture" },
				"south": { "uv": [ 16, 2, 13, 0 ], "texture": "#texture" },
				"west": { "uv": [ 5, 0, 7, 2 ], "texture": "#texture", "rotation": 180 },
				"east": { "uv": [ 9, 0, 11, 2 ], "texture": "#texture", "rotation": 180 }
			}
		},
		{
			"__comment": "Box28",
			"from": [ 12, 14, 11 ],
			"to": [ 16, 16, 12 ],
			"faces": {
				"down": { "uv": [ 12, 4, 16, 5 ], "texture": "#texture" },
				"up": { "uv": [ 0, 4, 4, 5 ], "texture": "#texture", "rotation": 180 },
				"north": { "uv": [ 16, 2, 12, 0 ], "texture": "#texture" },
				"south": { "uv": [ 4, 2, 0, 0 ], "texture": "#texture" },
				"west": { "uv": [ 4, 0, 5, 2 ], "texture": "#texture", "rotation": 180 },
				"east": { "uv": [ 11, 0, 12, 2 ], "texture": "#texture", "rotation": 180 }
			}
		},
		{
			"__comment": "Box29",
			"from": [ 0, 14, 11 ],
			"to": [ 4, 16, 12 ],
			"faces": {
				"down": { "uv": [ 0, 4, 4, 5 ], "texture": "#texture" },
				"up": { "uv": [ 12, 4, 16, 5 ], "texture": "#texture", "rotation": 180 },
				"north": { "uv": [ 4, 2, 0, 0 ], "texture": "#texture" },
				"south": { "uv": [ 16, 2, 12, 0 ], "texture": "#texture" },
				"west": { "uv": [ 4, 0, 5, 2 ], "texture": "#texture", "rotation": 180 },
				"east": { "uv": [ 11, 0, 12, 2 ], "texture": "#texture", "rotation": 180 }
			}
		},
		{
			"__comment": "Box30",
			"from": [ 11, 14, 12 ],
			"to": [ 16, 16, 13 ],
			"faces": {
				"down": { "uv": [ 11, 3, 16, 4 ], "texture": "#texture" },
				"up": { "uv": [ 0, 3, 5, 4 ], "texture": "#texture", "rotation": 180 },
				"north": { "uv": [ 16, 2, 11, 0 ], "texture": "#texture" },
				"south": { "uv": [ 5, 2, 0, 0 ], "texture": "#texture" },
				"west": { "uv": [ 3, 0, 4, 2 ], "texture": "#texture", "rotation": 180 },
				"east": { "uv": [ 12, 0, 13, 2 ], "texture": "#texture", "rotation": 180 }
			}
		},
		{
			"__comment": "Box31",
			"from": [ 0, 14, 12 ],
			"to": [ 5, 16, 13 ],
			"faces": {
				"down": { "uv": [ 0, 3, 5, 4 ], "texture": "#texture" },
				"up": { "uv": [ 11, 3, 16, 4 ], "texture": "#texture", "rotation": 180 },
				"north": { "uv": [ 5, 2, 0, 0 ], "texture": "#texture" },
				"south": { "uv": [ 16, 2, 11, 0 ], "texture": "#texture" },
				"west": { "uv": [ 3, 0, 4, 2 ], "texture": "#texture", "rotation": 180 },
				"east": { "uv": [ 12, 0, 13, 2 ], "texture": "#texture", "rotation": 180 }
			}
		},
		{
			"__comment": "Box32",
			"from": [ 9, 14, 9 ],
			"to": [ 10, 16, 13 ],
			"faces": {
				"down": { "uv": [ 9, 3, 10, 7 ], "texture": "#texture" },
				"up": { "uv": [ 6, 3, 7, 7 ], "texture": "#texture", "rotation": 180 },
				"north": { "uv": [ 10, 2, 9, 0 ], "texture": "#texture" },
				"south": { "uv": [ 7, 2, 6, 0 ], "texture": "#texture" },
				"west": { "uv": [ 3, 0, 7, 2 ], "texture": "#texture", "rotation": 180 },
				"east": { "uv": [ 9, 0, 13, 2 ], "texture": "#texture", "rotation": 180 }
			}
		},
		{
			"__comment": "Box33",
			"from": [ 6, 14, 9 ],
			"to": [ 7, 16, 13 ],
			"faces": {
				"down": { "uv": [ 6, 3, 7, 7 ], "texture": "#texture" },
				"up": { "uv": [ 9, 3, 10, 7 ], "texture": "#texture", "rotation": 180 },
				"north": { "uv": [ 7, 2, 6, 0 ], "texture": "#texture" },
				"south": { "uv": [ 10, 2, 9, 0 ], "texture": "#texture" },
				"west": { "uv": [ 3, 0, 7, 2 ], "texture": "#texture", "rotation": 180 },
				"east": { "uv": [ 9, 0, 13, 2 ], "texture": "#texture", "rotation": 180 }
			}
		},
		{
			"__comment": "Box18",
			"from": [ 5, 13.5, 1 ],
			"to": [ 11, 16.5, 2 ],
			"faces": {
				"down": { "uv": [ 11, 14, 5, 15 ], "texture": "#texture", "rotation": 180 },
				"up": { "uv": [ 11, 14, 5, 15 ], "texture": "#texture", "rotation": 180 },
				"north": { "uv": [ 11, 15, 5, 14 ], "texture": "#texture" },
				"south": { "uv": [ 5, 15, 11, 14 ], "texture": "#texture" },
				"west": { "uv": [ 10, 14, 11, 15 ], "texture": "#texture", "rotation": 180 },
				"east": { "uv": [ 5, 14, 6, 15 ], "texture": "#texture", "rotation": 180 }
			}
		}
	]
}