{
	"__comment": "Designed by QSKSw with Cubik Studio - https://cubik.studio",
	"ambientocclusion": false,
	"textures": {
		"particle": "block/cobblestone",
		"base": "block/cobblestone",
		"lever": "block/lever"
	},
	"elements": [ 	 
		{
			"from": [ 5, 4, 13 ],
			"to": [ 11, 12, 16 ],
			"faces": {
				"down": { "uv": [ 11, 3, 5, 0 ], "texture": "#base" },
				"up": { "uv": [ 5, 0, 11, 3 ], "texture": "#base" },
				"north": { "uv": [ 11, 12, 5, 4 ], "texture": "#base", "rotation": 180 },
				"south": { "uv": [ 5, 4, 11, 12 ], "texture": "#base", "cullface": "down", "rotation": 180 },
				"west": { "uv": [ 4, 0, 12, 3 ], "texture": "#base", "rotation": 270 },
				"east": { "uv": [ 4, 0, 12, 3 ], "texture": "#base", "rotation": 90 }
			}
		},
		{
			"from": [ 7, 14, 6 ],
			"to": [ 9, 16, 16 ],
			"rotation": { "origin": [ 7, 14, 6 ], "axis": "x", "angle": 45 },
			"faces": {
				"down": { "uv": [ 9, 16, 7, 6 ], "texture": "#lever" },
				"up": { "uv": [ 7, 6, 9, 16 ], "texture": "#lever" },
				"north": { "uv": [ 9, 8, 7, 6 ], "texture": "#lever", "rotation": 180 },
				"west": { "uv": [ 7, 6, 9, 16 ], "texture": "#lever", "rotation": 270 },
				"east": { "uv": [ 7, 6, 9, 16 ], "texture": "#lever", "rotation": 90 }
			}
		}
	]
}