{
	"__comment": "Designed by QSKSw with Cubik Studio - https://cubik.studio",
	"parent": "block/carved_pumpkin",
	"ambientocclusion": false,
	"textures": {
		"particle": "#hat",
		"texture": "entity/hat/mining_helmet"
	},
	"elements": [ 	 
		{
			"__comment": "Box6",
			"from": [ 1, 1, 1 ],
			"to": [ 15, 15, 15 ],
			"faces": {
				"up": { "uv": [ 2, 0, 4, 2 ], "texture": "#texture" },
				"north": { "uv": [ 2, 2, 4, 4 ], "texture": "#texture" },
				"south": { "uv": [ 6, 2, 8, 4 ], "texture": "#texture" },
				"west": { "uv": [ 4, 2, 6, 4 ], "texture": "#texture" },
				"east": { "uv": [ 0, 2, 2, 4 ], "texture": "#texture" }
			}
		},
		{
			"__comment": "Box2",
			"from": [ 0.5, 0.5, 0.5 ],
			"to": [ 15.5, 15.5, 15.5 ],
			"faces": {
				"down": { "uv": [ 12, 0, 14, 2 ], "texture": "#texture" },
				"up": { "uv": [ 10, 0, 12, 2 ], "texture": "#texture" },
				"north": { "uv": [ 10, 2, 12, 4 ], "texture": "#texture" },
				"south": { "uv": [ 14, 2, 16, 4 ], "texture": "#texture" },
				"west": { "uv": [ 12, 2, 14, 4 ], "texture": "#texture" },
				"east": { "uv": [ 8, 2, 10, 4 ], "texture": "#texture" }
			}
		}
	]
}