{
	"__comment": "Designed by QSKSw with Cubik Studio - https://cubik.studio",
	"parent": "block/door_top",
	"ambientocclusion": false,
	"textures": {
		"particle": "#top",
		"top": "block/crimson_door_top",
		"bottom": "block/crimson_door_bottom",
		"planks": "block/crimson_planks"
	},
	"elements": [ 	 
		{
			"from": [ 0, 0, 0 ],
			"to": [ 2, 16, 16 ],
			"faces": {
				"down": { "uv": [ 0, 0, 3, 16 ], "texture": "#planks", "rotation": 180 },
				"up": { "uv": [ 0, 0, 3, 16 ], "texture": "#planks", "rotation": 180 },
				"north": { "uv": [ 0, 0, 3, 16 ], "texture": "#planks" },
				"south": { "uv": [ 0, 0, 1, 16 ], "texture": "#top" },
				"west": { "uv": [ 16, 0, 0, 16 ], "texture": "#top" },
				"east": { "uv": [ 0, 0, 16, 16 ], "texture": "#top" }
			}
		},
		{
			"__comment": "Box2",
			"from": [ -0.5, 0, 1 ],
			"to": [ 2.5, 2, 6 ],
			"faces": {
				"down": { "uv": [ 10, 15, 15, 16 ], "texture": "#top", "rotation": 90 },
				"up": { "uv": [ 10, 14, 15, 15 ], "texture": "#top", "rotation": 270 },
				"north": { "uv": [ 14, 14, 15, 16 ], "texture": "#top" },
				"south": { "uv": [ 10, 14, 11, 16 ], "texture": "#top" },
				"west": { "uv": [ 15, 14, 10, 16 ], "texture": "#top" },
				"east": { "uv": [ 10, 14, 15, 16 ], "texture": "#top" }
			}
		}
	]
}