{
	"__comment": "Designed by QSKSw with Cubik Studio - https://cubik.studio",
	"parent": "block/door_bottom_rh",
	"ambientocclusion": false,
	"textures": {
		"particle": "#top",
		"top": "block/crimson_door_top",
		"bottom": "block/crimson_door_bottom",
		"planks": "block/crimson_planks"
	},
	"elements": [ 	 
		{
			"from": [ 0, 0, 0 ],
			"to": [ 2, 16, 16 ],
			"faces": {
				"down": { "uv": [ 0, 0, 3, 16 ], "texture": "#planks", "rotation": 180 },
				"up": { "uv": [ 0, 0, 3, 16 ], "texture": "#planks", "rotation": 180 },
				"north": { "uv": [ 0, 0, 3, 16 ], "texture": "#planks" },
				"south": { "uv": [ 0, 0, 1, 16 ], "texture": "#bottom" },
				"west": { "uv": [ 16, 0, 0, 16 ], "texture": "#bottom" },
				"east": { "uv": [ 0, 0, 16, 16 ], "texture": "#bottom" }
			}
		},
		{
			"__comment": "Box2",
			"from": [ -0.5, 15, 2 ],
			"to": [ 2.5, 16, 5 ],
			"faces": {
				"down": { "uv": [ 11, 0, 14, 1 ], "texture": "#bottom" },
				"up": { "uv": [ 11, 0, 14, 1 ], "texture": "#bottom" },
				"north": { "uv": [ 13, 0, 14, 1 ], "texture": "#bottom" },
				"south": { "uv": [ 11, 0, 12, 1 ], "texture": "#bottom" },
				"west": { "uv": [ 14, 0, 11, 1 ], "texture": "#bottom" },
				"east": { "uv": [ 11, 0, 14, 1 ], "texture": "#bottom" }
			}
		}
	]
}