{
	"__comment": "Designed by QSKSw with Cubik Studio - https://cubik.studio",
	"parent": "block/door_top",
	"textures": {
		"particle": "#top",
		"planks": "block/oak_planks",
		"top": "block/oak_door_top"
	},
	"elements": [ 	 
		{
			"from": [ 0, 0, 0 ],
			"to": [ 2, 16, 3 ],
			"faces": {
				"down": { "uv": [ 0, 13, 3, 16 ], "texture": "#planks" },
				"up": { "uv": [ 0, 0, 3, 3 ], "texture": "#planks" },
				"north": { "uv": [ 0, 0, 1, 16 ], "texture": "#top" },
				"south": { "uv": [ 0, 0, 3, 16 ], "texture": "#planks" },
				"west": { "uv": [ 0, 0, 3, 16 ], "texture": "#top" },
				"east": { "uv": [ 3, 0, 0, 16 ], "texture": "#top" }
			}
		},
		{
			"from": [ 0, 0, 13 ],
			"to": [ 2, 16, 16 ],
			"faces": {
				"down": { "uv": [ 0, 0, 3, 3 ], "texture": "#planks" },
				"up": { "uv": [ 0, 13, 3, 16 ], "texture": "#planks" },
				"north": { "uv": [ 13, 0, 16, 16 ], "texture": "#planks" },
				"south": { "uv": [ 0, 0, 3, 16 ], "texture": "#planks" },
				"west": { "uv": [ 13, 0, 16, 16 ], "texture": "#top" },
				"east": { "uv": [ 16, 0, 13, 16 ], "texture": "#top" }
			}
		},
		{
			"__comment": "Box3",
			"from": [ 0, 0, 3 ],
			"to": [ 2, 5, 13 ],
			"faces": {
				"down": { "uv": [ 0, 3, 3, 13 ], "texture": "#planks" },
				"up": { "uv": [ 0, 3, 3, 13 ], "texture": "#planks" },
				"west": { "uv": [ 3, 11, 13, 16 ], "texture": "#top" },
				"east": { "uv": [ 13, 11, 3, 16 ], "texture": "#top" }
			}
		},
		{
			"__comment": "Box5",
			"from": [ 0, 5, 7 ],
			"to": [ 2, 13, 9 ],
			"faces": {
				"north": { "uv": [ 13, 3, 16, 11 ], "texture": "#planks" },
				"south": { "uv": [ 0, 3, 3, 11 ], "texture": "#planks" },
				"west": { "uv": [ 7, 3, 9, 11 ], "texture": "#top" },
				"east": { "uv": [ 9, 3, 7, 11 ], "texture": "#top" }
			}
		},
		{
			"__comment": "Box6",
			"from": [ 0, 8, 3 ],
			"to": [ 2, 10, 13 ],
			"faces": {
				"down": { "uv": [ 0, 3, 3, 13 ], "texture": "#planks" },
				"up": { "uv": [ 0, 3, 3, 13 ], "texture": "#planks" },
				"west": { "uv": [ 3, 6, 13, 8 ], "texture": "#top" },
				"east": { "uv": [ 13, 6, 3, 8 ], "texture": "#top" }
			}
		},
		{
			"__comment": "Box7",
			"from": [ 0, 13, 3 ],
			"to": [ 2, 16, 13 ],
			"faces": {
				"down": { "uv": [ 0, 3, 3, 13 ], "texture": "#planks" },
				"up": { "uv": [ 0, 3, 3, 13 ], "texture": "#planks" },
				"west": { "uv": [ 3, 0, 13, 3 ], "texture": "#top" },
				"east": { "uv": [ 13, 0, 3, 3 ], "texture": "#top" }
			}
		},
		{
			"__comment": "Box7",
			"from": [ -0.5, 1, 11 ],
			"to": [ 2.5, 2, 14 ],
			"faces": {
				"down": { "uv": [ 11, 14, 14, 15 ], "texture": "#top", "rotation": 270 },
				"up": { "uv": [ 11, 14, 14, 15 ], "texture": "#top", "rotation": 90 },
				"north": { "uv": [ 11, 14, 12, 15 ], "texture": "#top" },
				"south": { "uv": [ 13, 14, 14, 15 ], "texture": "#top" },
				"west": { "uv": [ 11, 14, 14, 15 ], "texture": "#top" },
				"east": { "uv": [ 14, 14, 11, 15 ], "texture": "#top" }
			}
		},
		{
			"__comment": "Box8",
			"from": [ -0.5, 0, 11 ],
			"to": [ 2.5, 1, 12 ],
			"faces": {
				"down": { "uv": [ 11, 15, 12, 16 ], "texture": "#top" },
				"up": { "uv": [ 11, 15, 12, 16 ], "texture": "#top" },
				"north": { "uv": [ 11, 15, 12, 16 ], "texture": "#top" },
				"south": { "uv": [ 11, 15, 12, 16 ], "texture": "#top" },
				"west": { "uv": [ 11, 15, 12, 16 ], "texture": "#top" },
				"east": { "uv": [ 11, 15, 12, 16 ], "texture": "#top" }
			}
		}
	]
}