{
	"__comment": "Designed by QSKSw with Cubik Studio - https://cubik.studio",
	"parent": "block/template_trapdoor_open",
	"textures": {
		"texture": "block/oak_trapdoor"
	},
	"elements": [ 	 
		{
			"__comment": "Box8",
			"from": [ 0, 0, 14 ],
			"to": [ 16, 3, 16 ],
			"faces": {
				"down": { "uv": [ 16, 16, 0, 14 ], "texture": "#texture" },
				"up": { "uv": [ 0, 14, 16, 16 ], "texture": "#texture" },
				"north": { "uv": [ 16, 3, 0, 0 ], "texture": "#texture" },
				"south": { "uv": [ 0, 13, 16, 16 ], "texture": "#texture" },
				"west": { "uv": [ 0, 14, 3, 16 ], "texture": "#texture", "rotation": 270 },
				"east": { "uv": [ 13, 14, 16, 16 ], "texture": "#texture", "rotation": 90 }
			}
		},
		{
			"__comment": "Box9",
			"from": [ 0, 3, 14 ],
			"to": [ 3, 6, 16 ],
			"faces": {
				"down": { "uv": [ 16, 16, 13, 14 ], "texture": "#texture" },
				"up": { "uv": [ 0, 14, 3, 16 ], "texture": "#texture" },
				"north": { "uv": [ 3, 6, 0, 3 ], "texture": "#texture" },
				"south": { "uv": [ 0, 10, 3, 13 ], "texture": "#texture" },
				"west": { "uv": [ 3, 14, 6, 16 ], "texture": "#texture", "rotation": 270 },
				"east": { "uv": [ 10, 14, 13, 16 ], "texture": "#texture", "rotation": 90 }
			}
		},
		{
			"__comment": "Box10",
			"from": [ 6, 3, 14 ],
			"to": [ 10, 6, 16 ],
			"faces": {
				"down": { "uv": [ 10, 16, 6, 14 ], "texture": "#texture" },
				"up": { "uv": [ 6, 14, 10, 16 ], "texture": "#texture" },
				"north": { "uv": [ 10, 6, 6, 3 ], "texture": "#texture" },
				"south": { "uv": [ 6, 10, 10, 13 ], "texture": "#texture" },
				"west": { "uv": [ 3, 14, 6, 16 ], "texture": "#texture", "rotation": 270 },
				"east": { "uv": [ 10, 14, 13, 16 ], "texture": "#texture", "rotation": 90 }
			}
		},
		{
			"__comment": "Box11",
			"from": [ 13, 3, 14 ],
			"to": [ 16, 6, 16 ],
			"faces": {
				"down": { "uv": [ 3, 16, 0, 14 ], "texture": "#texture" },
				"up": { "uv": [ 13, 14, 16, 16 ], "texture": "#texture" },
				"north": { "uv": [ 16, 6, 13, 3 ], "texture": "#texture" },
				"south": { "uv": [ 13, 10, 16, 13 ], "texture": "#texture" },
				"west": { "uv": [ 3, 14, 6, 16 ], "texture": "#texture", "rotation": 270 },
				"east": { "uv": [ 10, 14, 13, 16 ], "texture": "#texture", "rotation": 90 }
			}
		},
		{
			"__comment": "Box12",
			"from": [ 0, 6, 14 ],
			"to": [ 16, 10, 16 ],
			"faces": {
				"down": { "uv": [ 16, 16, 0, 14 ], "texture": "#texture" },
				"up": { "uv": [ 0, 14, 16, 16 ], "texture": "#texture" },
				"north": { "uv": [ 16, 10, 0, 6 ], "texture": "#texture" },
				"south": { "uv": [ 0, 6, 16, 10 ], "texture": "#texture" },
				"west": { "uv": [ 6, 14, 10, 16 ], "texture": "#texture", "rotation": 270 },
				"east": { "uv": [ 6, 14, 10, 16 ], "texture": "#texture", "rotation": 90 }
			}
		},
		{
			"__comment": "Box13",
			"from": [ 0, 10, 14 ],
			"to": [ 3, 13, 16 ],
			"faces": {
				"down": { "uv": [ 16, 16, 13, 14 ], "texture": "#texture" },
				"up": { "uv": [ 0, 14, 3, 16 ], "texture": "#texture" },
				"north": { "uv": [ 3, 13, 0, 10 ], "texture": "#texture" },
				"south": { "uv": [ 0, 3, 3, 6 ], "texture": "#texture" },
				"west": { "uv": [ 10, 14, 13, 16 ], "texture": "#texture", "rotation": 270 },
				"east": { "uv": [ 3, 14, 6, 16 ], "texture": "#texture", "rotation": 90 }
			}
		},
		{
			"__comment": "Box14",
			"from": [ 6, 10, 14 ],
			"to": [ 10, 13, 16 ],
			"faces": {
				"down": { "uv": [ 10, 16, 6, 14 ], "texture": "#texture" },
				"up": { "uv": [ 6, 14, 10, 16 ], "texture": "#texture" },
				"north": { "uv": [ 10, 13, 6, 10 ], "texture": "#texture" },
				"south": { "uv": [ 6, 3, 10, 6 ], "texture": "#texture" },
				"west": { "uv": [ 10, 14, 13, 16 ], "texture": "#texture", "rotation": 270 },
				"east": { "uv": [ 3, 14, 6, 16 ], "texture": "#texture", "rotation": 90 }
			}
		},
		{
			"__comment": "Box15",
			"from": [ 13, 10, 14 ],
			"to": [ 16, 13, 16 ],
			"faces": {
				"down": { "uv": [ 3, 16, 0, 14 ], "texture": "#texture" },
				"up": { "uv": [ 13, 14, 16, 16 ], "texture": "#texture" },
				"north": { "uv": [ 16, 13, 13, 10 ], "texture": "#texture" },
				"south": { "uv": [ 13, 3, 16, 6 ], "texture": "#texture" },
				"west": { "uv": [ 10, 14, 13, 16 ], "texture": "#texture", "rotation": 270 },
				"east": { "uv": [ 3, 14, 6, 16 ], "texture": "#texture", "rotation": 90 }
			}
		},
		{
			"__comment": "Box16",
			"from": [ 0, 13, 14 ],
			"to": [ 16, 16, 16 ],
			"faces": {
				"down": { "uv": [ 16, 16, 0, 14 ], "texture": "#texture" },
				"up": { "uv": [ 0, 14, 16, 16 ], "texture": "#texture" },
				"north": { "uv": [ 16, 16, 0, 13 ], "texture": "#texture" },
				"south": { "uv": [ 0, 0, 16, 3 ], "texture": "#texture" },
				"west": { "uv": [ 13, 14, 16, 16 ], "texture": "#texture", "rotation": 270 },
				"east": { "uv": [ 0, 14, 3, 16 ], "texture": "#texture", "rotation": 90 }
			}
		}
	]
}