{
	"__comment": "Designed by QSKSw with Cubik Studio - https://cubik.studio",
	"ambientocclusion": false,
	"textures": {
		"particle": "block/flower_pot",
		"flowerpot": "block/flower_pot",
		"dirt": "block/sand",
		"cactus": "block/cactus_side",
		"prickles": "block/green_wool"
	},
	"elements": [ 	 
		{
			"from": [ 4, 4, 4 ],
			"to": [ 5, 6, 12 ],
			"faces": {
				"down": { "uv": [ 4, 4, 5, 12 ], "texture": "#flowerpot" },
				"up": { "uv": [ 4, 4, 5, 12 ], "texture": "#flowerpot" },
				"north": { "uv": [ 11, 10, 12, 12 ], "texture": "#flowerpot" },
				"south": { "uv": [ 4, 10, 5, 12 ], "texture": "#flowerpot" },
				"west": { "uv": [ 4, 10, 12, 12 ], "texture": "#flowerpot" },
				"east": { "uv": [ 4, 10, 12, 12 ], "texture": "#flowerpot" }
			}
		},
		{
			"from": [ 5, 0, 5 ],
			"to": [ 11, 5, 11 ],
			"faces": {
				"down": { "uv": [ 5, 5, 11, 11 ], "texture": "#flowerpot" },
				"up": { "uv": [ 5, 5, 11, 11 ], "texture": "#dirt" },
				"north": { "uv": [ 5, 11, 11, 16 ], "texture": "#flowerpot" },
				"south": { "uv": [ 5, 11, 11, 16 ], "texture": "#flowerpot" },
				"west": { "uv": [ 5, 11, 11, 16 ], "texture": "#flowerpot" },
				"east": { "uv": [ 5, 11, 11, 16 ], "texture": "#flowerpot" }
			}
		},
		{
			"from": [ 5, 4, 4 ],
			"to": [ 11, 6, 5 ],
			"faces": {
				"down": { "uv": [ 5, 11, 11, 12 ], "texture": "#flowerpot" },
				"up": { "uv": [ 5, 4, 11, 5 ], "texture": "#flowerpot" },
				"north": { "uv": [ 5, 10, 11, 12 ], "texture": "#flowerpot" },
				"south": { "uv": [ 5, 10, 11, 12 ], "texture": "#flowerpot" },
				"west": { "uv": [ 4, 10, 5, 12 ], "texture": "#flowerpot" },
				"east": { "uv": [ 11, 10, 12, 12 ], "texture": "#flowerpot" }
			}
		},
		{
			"from": [ 5, 4, 11 ],
			"to": [ 11, 6, 12 ],
			"faces": {
				"down": { "uv": [ 5, 4, 11, 5 ], "texture": "#flowerpot" },
				"up": { "uv": [ 5, 11, 11, 12 ], "texture": "#flowerpot" },
				"north": { "uv": [ 5, 10, 11, 12 ], "texture": "#flowerpot" },
				"south": { "uv": [ 5, 10, 11, 12 ], "texture": "#flowerpot" },
				"west": { "uv": [ 11, 10, 12, 12 ], "texture": "#flowerpot" },
				"east": { "uv": [ 4, 10, 5, 12 ], "texture": "#flowerpot" }
			}
		},
		{
			"from": [ 11, 4, 4 ],
			"to": [ 12, 6, 12 ],
			"faces": {
				"down": { "uv": [ 11, 4, 12, 12 ], "texture": "#flowerpot" },
				"up": { "uv": [ 11, 4, 12, 12 ], "texture": "#flowerpot" },
				"north": { "uv": [ 4, 10, 5, 12 ], "texture": "#flowerpot" },
				"south": { "uv": [ 11, 10, 12, 12 ], "texture": "#flowerpot" },
				"west": { "uv": [ 4, 10, 12, 12 ], "texture": "#flowerpot" },
				"east": { "uv": [ 4, 10, 12, 12 ], "texture": "#flowerpot" }
			}
		},
		{
			"from": [ 6, 3, 6 ],
			"to": [ 10, 7, 10 ],
			"faces": {
				"north": { "uv": [ 6, 8, 10, 12 ], "texture": "#cactus" },
				"south": { "uv": [ 6, 8, 10, 12 ], "texture": "#cactus" },
				"west": { "uv": [ 6, 8, 10, 12 ], "texture": "#cactus" },
				"east": { "uv": [ 6, 8, 10, 12 ], "texture": "#cactus" }
			}
		},
		{
			"from": [ 6, 7, 6 ],
			"to": [ 10, 11, 10 ],
			"faces": {
				"north": { "uv": [ 6, 4, 10, 8 ], "texture": "#cactus" },
				"south": { "uv": [ 6, 4, 10, 8 ], "texture": "#cactus" },
				"west": { "uv": [ 6, 4, 10, 8 ], "texture": "#cactus" },
				"east": { "uv": [ 6, 4, 10, 8 ], "texture": "#cactus" }
			}
		},
		{
			"from": [ 6, 11, 6 ],
			"to": [ 10, 15, 10 ],
			"faces": {
				"up": { "uv": [ 6, 7, 10, 11 ], "texture": "#cactus" },
				"north": { "uv": [ 6, 0, 10, 4 ], "texture": "#cactus" },
				"south": { "uv": [ 6, 0, 10, 4 ], "texture": "#cactus" },
				"west": { "uv": [ 6, 0, 10, 4 ], "texture": "#cactus" },
				"east": { "uv": [ 6, 0, 10, 4 ], "texture": "#cactus" }
			}
		},
		{
			"__comment": "Box9",
			"from": [ 5, 7, 7 ],
			"to": [ 6, 8, 8 ],
			"faces": {
				"down": { "texture": "#prickles" },
				"up": { "texture": "#prickles" },
				"north": { "texture": "#prickles" },
				"south": { "texture": "#prickles" },
				"west": { "texture": "#prickles" },
				"east": { "texture": "#prickles" }
			}
		},
		{
			"__comment": "Box9",
			"from": [ 5, 13, 7 ],
			"to": [ 6, 14, 8 ],
			"faces": {
				"down": { "texture": "#prickles" },
				"up": { "texture": "#prickles" },
				"north": { "texture": "#prickles" },
				"south": { "texture": "#prickles" },
				"west": { "texture": "#prickles" },
				"east": { "texture": "#prickles" }
			}
		},
		{
			"__comment": "Box11",
			"from": [ 5, 10, 8 ],
			"to": [ 6, 11, 9 ],
			"faces": {
				"down": { "texture": "#prickles" },
				"up": { "texture": "#prickles" },
				"north": { "texture": "#prickles" },
				"south": { "texture": "#prickles" },
				"west": { "texture": "#prickles" },
				"east": { "texture": "#prickles" }
			}
		},
		{
			"__comment": "Box9",
			"from": [ 7, 7, 10 ],
			"to": [ 8, 8, 11 ],
			"faces": {
				"down": { "texture": "#prickles" },
				"up": { "texture": "#prickles" },
				"north": { "texture": "#prickles" },
				"south": { "texture": "#prickles" },
				"west": { "texture": "#prickles" },
				"east": { "texture": "#prickles" }
			}
		},
		{
			"__comment": "Box11",
			"from": [ 8, 10, 10 ],
			"to": [ 9, 11, 11 ],
			"faces": {
				"down": { "texture": "#prickles" },
				"up": { "texture": "#prickles" },
				"north": { "texture": "#prickles" },
				"south": { "texture": "#prickles" },
				"west": { "texture": "#prickles" },
				"east": { "texture": "#prickles" }
			}
		},
		{
			"__comment": "Box9",
			"from": [ 7, 13, 10 ],
			"to": [ 8, 14, 11 ],
			"faces": {
				"down": { "texture": "#prickles" },
				"up": { "texture": "#prickles" },
				"north": { "texture": "#prickles" },
				"south": { "texture": "#prickles" },
				"west": { "texture": "#prickles" },
				"east": { "texture": "#prickles" }
			}
		},
		{
			"__comment": "Box9",
			"from": [ 10, 7, 8 ],
			"to": [ 11, 8, 9 ],
			"faces": {
				"down": { "texture": "#prickles" },
				"up": { "texture": "#prickles" },
				"north": { "texture": "#prickles" },
				"south": { "texture": "#prickles" },
				"west": { "texture": "#prickles" },
				"east": { "texture": "#prickles" }
			}
		},
		{
			"__comment": "Box11",
			"from": [ 10, 10, 7 ],
			"to": [ 11, 11, 8 ],
			"faces": {
				"down": { "texture": "#prickles" },
				"up": { "texture": "#prickles" },
				"north": { "texture": "#prickles" },
				"south": { "texture": "#prickles" },
				"west": { "texture": "#prickles" },
				"east": { "texture": "#prickles" }
			}
		},
		{
			"__comment": "Box9",
			"from": [ 10, 13, 8 ],
			"to": [ 11, 14, 9 ],
			"faces": {
				"down": { "texture": "#prickles" },
				"up": { "texture": "#prickles" },
				"north": { "texture": "#prickles" },
				"south": { "texture": "#prickles" },
				"west": { "texture": "#prickles" },
				"east": { "texture": "#prickles" }
			}
		},
		{
			"__comment": "Box9",
			"from": [ 8, 7, 5 ],
			"to": [ 9, 8, 6 ],
			"faces": {
				"down": { "texture": "#prickles" },
				"up": { "texture": "#prickles" },
				"north": { "texture": "#prickles" },
				"south": { "texture": "#prickles" },
				"west": { "texture": "#prickles" },
				"east": { "texture": "#prickles" }
			}
		},
		{
			"__comment": "Box11",
			"from": [ 7, 10, 5 ],
			"to": [ 8, 11, 6 ],
			"faces": {
				"down": { "texture": "#prickles" },
				"up": { "texture": "#prickles" },
				"north": { "texture": "#prickles" },
				"south": { "texture": "#prickles" },
				"west": { "texture": "#prickles" },
				"east": { "texture": "#prickles" }
			}
		},
		{
			"__comment": "Box9",
			"from": [ 8, 13, 5 ],
			"to": [ 9, 14, 6 ],
			"faces": {
				"down": { "texture": "#prickles" },
				"up": { "texture": "#prickles" },
				"north": { "texture": "#prickles" },
				"south": { "texture": "#prickles" },
				"west": { "texture": "#prickles" },
				"east": { "texture": "#prickles" }
			}
		}
	]
}