{
	"__comment": "Designed by QSKSw with Cubik Studio - https://cubik.studio",
	"textures": {
		"particle": "block/red_mushroom_block",
		"texture": "block/red_mushroom"
	},
	"elements": [ 	 
		{
			"__comment": "Box1",
			"from": [ 4, 3, 4 ],
			"to": [ 12, 5, 12 ],
			"faces": {
				"down": { "uv": [ 5, 10, 10, 13 ], "texture": "#texture" },
				"up": { "uv": [ 5, 10, 10, 13 ], "texture": "#texture" },
				"north": { "uv": [ 4, 11, 12, 13 ], "texture": "#texture" },
				"south": { "uv": [ 4, 11, 12, 13 ], "texture": "#texture" },
				"west": { "uv": [ 4, 11, 12, 13 ], "texture": "#texture" },
				"east": { "uv": [ 4, 11, 12, 13 ], "texture": "#texture" }
			}
		},
		{
			"__comment": "Box2",
			"from": [ 5, 5, 5 ],
			"to": [ 11, 6, 11 ],
			"faces": {
				"up": { "uv": [ 5, 10, 10, 13 ], "texture": "#texture" },
				"north": { "uv": [ 5, 10, 11, 11 ], "texture": "#texture" },
				"south": { "uv": [ 5, 10, 11, 11 ], "texture": "#texture" },
				"west": { "uv": [ 5, 10, 11, 11 ], "texture": "#texture" },
				"east": { "uv": [ 5, 10, 11, 11 ], "texture": "#texture" }
			}
		},
		{
			"__comment": "Box3",
			"from": [ 6, 6, 6 ],
			"to": [ 10, 7, 10 ],
			"faces": {
				"up": { "uv": [ 5, 10, 10, 13 ], "texture": "#texture" },
				"north": { "uv": [ 6, 9, 10, 10 ], "texture": "#texture" },
				"south": { "uv": [ 6, 9, 10, 10 ], "texture": "#texture" },
				"west": { "uv": [ 6, 9, 10, 10 ], "texture": "#texture" },
				"east": { "uv": [ 6, 9, 10, 10 ], "texture": "#texture" }
			}
		},
		{
			"__comment": "Box5",
			"from": [ 7, 0, 7 ],
			"to": [ 9, 3, 9 ],
			"faces": {
				"down": { "uv": [ 7, 14, 9, 16 ], "texture": "#texture" },
				"north": { "uv": [ 7, 13, 9, 16 ], "texture": "#texture" },
				"south": { "uv": [ 7, 13, 9, 16 ], "texture": "#texture" },
				"west": { "uv": [ 7, 13, 9, 16 ], "texture": "#texture" },
				"east": { "uv": [ 7, 13, 9, 16 ], "texture": "#texture" }
			}
		}
	]
}