{
	"parent": "block/carved_pumpkin",
	"ambientocclusion": false,
	"textures": {
		"particle": "#texture",
		"texture": "entity//hat/shulker"
	},
	"elements": [ 	 
		{
			"from": [ 0, 0, 0 ],
			"to": [ 16, 16, 16 ],
			"faces": {
				"down": { "uv": [ 12, 0, 14, 2 ], "texture": "#texture" },
				"up": { "uv": [ 10, 0, 12, 2 ], "texture": "#texture" },
				"north": { "uv": [ 10, 2, 12, 4 ], "texture": "#texture" },
				"south": { "uv": [ 14, 2, 16, 4 ], "texture": "#texture" },
				"west": { "uv": [ 12, 2, 14, 4 ], "texture": "#texture" },
				"east": { "uv": [ 8, 2, 10, 4 ], "texture": "#texture" }
			}
		}
	]
}