{
	"__comment": "Designed by QSKSw with Cubik Studio - https://cubik.studio",
	"parent": "block/door_bottom_rh",
	"textures": {
		"bottom": "block/spruce_door_bottom",
		"top": "block/spruce_door_top",
		"planks": "block/spruce_planks"
	},
	"elements": [ 	 
		{
			"from": [ 0, 0, 0 ],
			"to": [ 2, 16, 16 ],
			"faces": {
				"down": { "uv": [ 0, 0, 3, 16 ], "texture": "#planks", "rotation": 180 },
				"up": { "uv": [ 0, 0, 3, 16 ], "texture": "#planks", "rotation": 180 },
				"north": { "uv": [ 0, 0, 3, 16 ], "texture": "#planks" },
				"south": { "uv": [ 0, 0, 1, 16 ], "texture": "#bottom" },
				"west": { "uv": [ 16, 0, 0, 16 ], "texture": "#bottom" },
				"east": { "uv": [ 0, 0, 16, 16 ], "texture": "#bottom" }
			}
		},
		{
			"__comment": "Box2",
			"from": [ -0.5, 13, 5 ],
			"to": [ 2.5, 15, 6 ],
			"faces": {
				"down": { "uv": [ 10, 2, 11, 3 ], "texture": "#bottom" },
				"up": { "uv": [ 10, 1, 11, 2 ], "texture": "#bottom" },
				"north": { "uv": [ 10, 1, 11, 3 ], "texture": "#bottom" },
				"south": { "uv": [ 10, 1, 11, 3 ], "texture": "#bottom" },
				"west": { "uv": [ 10, 1, 11, 3 ], "texture": "#bottom" },
				"east": { "uv": [ 10, 1, 11, 3 ], "texture": "#bottom" }
			}
		},
		{
			"__comment": "Box3",
			"from": [ -0.5, 13, 2 ],
			"to": [ 2.5, 15, 3 ],
			"faces": {
				"down": { "uv": [ 13, 2, 14, 3 ], "texture": "#bottom" },
				"up": { "uv": [ 13, 1, 14, 2 ], "texture": "#bottom" },
				"north": { "uv": [ 13, 1, 14, 3 ], "texture": "#bottom" },
				"south": { "uv": [ 13, 1, 14, 3 ], "texture": "#bottom" },
				"west": { "uv": [ 13, 1, 14, 3 ], "texture": "#bottom" },
				"east": { "uv": [ 13, 1, 14, 3 ], "texture": "#bottom" }
			}
		},
		{
			"__comment": "Box4",
			"from": [ -0.5, 15, 3 ],
			"to": [ 2.5, 16, 5 ],
			"faces": {
				"down": { "uv": [ 11, 0, 13, 1 ], "texture": "#bottom", "rotation": 90 },
				"up": { "uv": [ 11, 0, 13, 1 ], "texture": "#bottom", "rotation": 270 },
				"north": { "uv": [ 13, 1, 12, 0 ], "texture": "#bottom" },
				"south": { "uv": [ 13, 1, 12, 0 ], "texture": "#bottom" },
				"west": { "uv": [ 11, 0, 13, 1 ], "texture": "#bottom", "rotation": 180 },
				"east": { "uv": [ 13, 0, 11, 1 ], "texture": "#bottom", "rotation": 180 }
			}
		},
		{
			"__comment": "Box5",
			"from": [ -0.5, 12, 3 ],
			"to": [ 2.5, 13, 5 ],
			"faces": {
				"down": { "uv": [ 11, 3, 13, 4 ], "texture": "#bottom", "rotation": 90 },
				"up": { "uv": [ 11, 3, 13, 4 ], "texture": "#bottom", "rotation": 270 },
				"north": { "uv": [ 13, 4, 12, 3 ], "texture": "#bottom" },
				"south": { "uv": [ 12, 4, 11, 3 ], "texture": "#bottom" },
				"west": { "uv": [ 11, 3, 13, 4 ], "texture": "#bottom", "rotation": 180 },
				"east": { "uv": [ 13, 3, 11, 4 ], "texture": "#bottom", "rotation": 180 }
			}
		}
	]
}