{
	"__comment": "Designed by QSKSw with Cubik Studio - https://cubik.studio",
	"ambientocclusion": false,
	"textures": {
		"particle": "block/sunflower_front",
		"cross": "block/sunflower_top",
		"back": "block/sunflower_back",
		"front": "block/sunflower_front"
	},
	"elements": [ 	 
		{
			"from": [ 0.8, 0, 8 ],
			"to": [ 15.2, 16, 8.001 ],
			"rotation": { "origin": [ 8, 8, 8 ], "axis": "y", "angle": 45, "rescale": true },
			"faces": {
				"north": { "uv": [ 0, 0, 16, 16 ], "texture": "#cross" },
				"south": { "uv": [ 0, 0, 16, 16 ], "texture": "#cross" }
			}
		},
		{
			"from": [ 8, 0, 0.8 ],
			"to": [ 8.001, 16, 15.2 ],
			"rotation": { "origin": [ 8, 8, 8 ], "axis": "y", "angle": 45, "rescale": true },
			"faces": {
				"west": { "uv": [ 0, 0, 16, 16 ], "texture": "#cross" },
				"east": { "uv": [ 0, 0, 16, 16 ], "texture": "#cross" }
			}
		},
		{
			"from": [ 11.25, 5.375, 2 ],
			"to": [ 11.251, 17.375, 14 ],
			"rotation": { "origin": [ 11.25, 5.375, 2 ], "axis": "z", "angle": 22.5 },
			"shade": false,
			"faces": {
				"west": { "uv": [ 0, 0, 16, 16 ], "texture": "#back" },
				"east": { "uv": [ 0, 0, 16, 16 ], "texture": "#front" }
			}
		}
	]
}