{
	"__comment": "Designed by QSKSw with Cubik Studio - https://cubik.studio",
	"parent": "block/thin_block",
	"textures": {
		"particle": "#top"
	},
	"elements": [ 	 
		{
			"__comment": "Box29",
			"from": [ 0, 5.5, 0 ],
			"to": [ 2, 6, 2 ],
			"faces": {
				"down": { "uv": [ 0, 14, 2, 16 ], "texture": "#side" },
				"up": { "uv": [ 0, 0, 2, 2 ], "texture": "#side" },
				"north": { "uv": [ 14, 10, 16, 10.5 ], "texture": "#side" },
				"south": { "uv": [ 0, 10, 2, 10.5 ], "texture": "#side" },
				"west": { "uv": [ 0, 10, 2, 10.5 ], "texture": "#side" },
				"east": { "uv": [ 14, 10, 16, 10.5 ], "texture": "#side" }
			}
		},
		{
			"__comment": "Box30",
			"from": [ 4, 5.5, 0 ],
			"to": [ 7, 6, 2 ],
			"faces": {
				"down": { "uv": [ 4, 14, 7, 16 ], "texture": "#side" },
				"up": { "uv": [ 4, 0, 7, 2 ], "texture": "#side" },
				"north": { "uv": [ 9, 10, 12, 10.5 ], "texture": "#side" },
				"south": { "uv": [ 4, 10, 7, 10.5 ], "texture": "#side" },
				"west": { "uv": [ 0, 10, 2, 10.5 ], "texture": "#side" },
				"east": { "uv": [ 14, 10, 16, 10.5 ], "texture": "#side" }
			}
		},
		{
			"__comment": "Box30",
			"from": [ 9, 5.5, 0 ],
			"to": [ 12, 6, 2 ],
			"faces": {
				"down": { "uv": [ 9, 14, 12, 16 ], "texture": "#side" },
				"up": { "uv": [ 9, 0, 12, 2 ], "texture": "#side" },
				"north": { "uv": [ 4, 10, 7, 10.5 ], "texture": "#side" },
				"south": { "uv": [ 9, 10, 12, 10.5 ], "texture": "#side" },
				"west": { "uv": [ 0, 10, 2, 10.5 ], "texture": "#side" },
				"east": { "uv": [ 14, 10, 16, 10.5 ], "texture": "#side" }
			}
		},
		{
			"__comment": "Box30",
			"from": [ 14, 5.5, 0 ],
			"to": [ 16, 6, 2 ],
			"faces": {
				"down": { "uv": [ 14, 14, 16, 16 ], "texture": "#side" },
				"up": { "uv": [ 14, 0, 16, 2 ], "texture": "#side" },
				"north": { "uv": [ 0, 10, 2, 10.5 ], "texture": "#side" },
				"south": { "uv": [ 14, 10, 16, 10.5 ], "texture": "#side" },
				"west": { "uv": [ 0, 10, 2, 10.5 ], "texture": "#side" },
				"east": { "uv": [ 14, 10, 16, 10.5 ], "texture": "#side" }
			}
		},
		{
			"__comment": "Box29",
			"from": [ 2, 5.5, 0 ],
			"to": [ 4, 6, 1 ],
			"faces": {
				"down": { "uv": [ 2, 15, 4, 16 ], "texture": "#side" },
				"up": { "uv": [ 2, 0, 4, 1 ], "texture": "#side" },
				"north": { "uv": [ 12, 10, 14, 10.5 ], "texture": "#side" },
				"south": { "uv": [ 2, 10, 4, 10.5 ], "texture": "#side" },
				"west": { "uv": [ 0, 10, 1, 10.5 ], "texture": "#side" },
				"east": { "uv": [ 15, 10, 16, 10.5 ], "texture": "#side" }
			}
		},
		{
			"__comment": "Box34",
			"from": [ 7, 5.5, 0 ],
			"to": [ 9, 6, 1 ],
			"faces": {
				"down": { "uv": [ 7, 15, 9, 16 ], "texture": "#side" },
				"up": { "uv": [ 7, 0, 9, 1 ], "texture": "#side" },
				"north": { "uv": [ 7, 10, 9, 10.5 ], "texture": "#side" },
				"south": { "uv": [ 7, 10, 9, 10.5 ], "texture": "#side" },
				"west": { "uv": [ 0, 10, 1, 10.5 ], "texture": "#side" },
				"east": { "uv": [ 15, 10, 16, 10.5 ], "texture": "#side" }
			}
		},
		{
			"__comment": "Box35",
			"from": [ 12, 5.5, 0 ],
			"to": [ 14, 6, 1 ],
			"faces": {
				"down": { "uv": [ 12, 15, 14, 16 ], "texture": "#side" },
				"up": { "uv": [ 12, 0, 14, 1 ], "texture": "#side" },
				"north": { "uv": [ 2, 10, 4, 10.5 ], "texture": "#side" },
				"south": { "uv": [ 12, 10, 14, 10.5 ], "texture": "#side" },
				"west": { "uv": [ 0, 10, 1, 10.5 ], "texture": "#side" },
				"east": { "uv": [ 15, 10, 16, 10.5 ], "texture": "#side" }
			}
		},
		{
			"__comment": "Box36",
			"from": [ 0, 5.5, 2 ],
			"to": [ 1, 6, 4 ],
			"faces": {
				"down": { "uv": [ 0, 12, 1, 14 ], "texture": "#side" },
				"up": { "uv": [ 0, 2, 1, 4 ], "texture": "#side" },
				"north": { "uv": [ 15, 10, 16, 10.5 ], "texture": "#side" },
				"south": { "uv": [ 0, 10, 1, 10.5 ], "texture": "#side" },
				"west": { "uv": [ 2, 10, 4, 10.5 ], "texture": "#side" },
				"east": { "uv": [ 12, 10, 14, 10.5 ], "texture": "#side" }
			}
		},
		{
			"__comment": "Box36",
			"from": [ 5, 5.5, 2 ],
			"to": [ 6, 6, 4 ],
			"faces": {
				"down": { "uv": [ 5, 12, 6, 14 ], "texture": "#side" },
				"up": { "uv": [ 5, 2, 6, 4 ], "texture": "#side" },
				"north": { "uv": [ 10, 10, 11, 10.5 ], "texture": "#side" },
				"south": { "uv": [ 5, 10, 6, 10.5 ], "texture": "#side" },
				"west": { "uv": [ 2, 10, 4, 10.5 ], "texture": "#side" },
				"east": { "uv": [ 12, 10, 14, 10.5 ], "texture": "#side" }
			}
		},
		{
			"__comment": "Box36",
			"from": [ 10, 5.5, 2 ],
			"to": [ 11, 6, 4 ],
			"faces": {
				"down": { "uv": [ 10, 12, 11, 14 ], "texture": "#side" },
				"up": { "uv": [ 10, 2, 11, 4 ], "texture": "#side" },
				"north": { "uv": [ 5, 10, 6, 10.5 ], "texture": "#side" },
				"south": { "uv": [ 10, 10, 11, 10.5 ], "texture": "#side" },
				"west": { "uv": [ 2, 10, 4, 10.5 ], "texture": "#side" },
				"east": { "uv": [ 12, 10, 14, 10.5 ], "texture": "#side" }
			}
		},
		{
			"__comment": "Box36",
			"from": [ 15, 5.5, 2 ],
			"to": [ 16, 6, 4 ],
			"faces": {
				"down": { "uv": [ 15, 12, 16, 14 ], "texture": "#side" },
				"up": { "uv": [ 15, 2, 16, 4 ], "texture": "#side" },
				"north": { "uv": [ 0, 10, 1, 10.5 ], "texture": "#side" },
				"south": { "uv": [ 15, 10, 16, 10.5 ], "texture": "#side" },
				"west": { "uv": [ 2, 10, 4, 10.5 ], "texture": "#side" },
				"east": { "uv": [ 12, 10, 14, 10.5 ], "texture": "#side" }
			}
		},
		{
			"__comment": "Box29",
			"from": [ 0, 5.5, 4 ],
			"to": [ 2, 6, 5 ],
			"faces": {
				"down": { "uv": [ 0, 11, 2, 12 ], "texture": "#side" },
				"up": { "uv": [ 0, 4, 2, 5 ], "texture": "#side" },
				"north": { "uv": [ 14, 10, 16, 10.5 ], "texture": "#side" },
				"south": { "uv": [ 0, 10, 2, 10.5 ], "texture": "#side" },
				"west": { "uv": [ 4, 10, 5, 10.5 ], "texture": "#side" },
				"east": { "uv": [ 11, 10, 12, 10.5 ], "texture": "#side" }
			}
		},
		{
			"__comment": "Box29",
			"from": [ 4, 5.5, 4 ],
			"to": [ 7, 6, 5 ],
			"faces": {
				"down": { "uv": [ 4, 11, 7, 12 ], "texture": "#side" },
				"up": { "uv": [ 4, 4, 7, 5 ], "texture": "#side" },
				"north": { "uv": [ 9, 10, 12, 10.5 ], "texture": "#side" },
				"south": { "uv": [ 4, 10, 7, 10.5 ], "texture": "#side" },
				"west": { "uv": [ 4, 10, 5, 10.5 ], "texture": "#side" },
				"east": { "uv": [ 11, 10, 12, 10.5 ], "texture": "#side" }
			}
		},
		{
			"__comment": "Box29",
			"from": [ 9, 5.5, 4 ],
			"to": [ 12, 6, 5 ],
			"faces": {
				"down": { "uv": [ 9, 11, 12, 12 ], "texture": "#side" },
				"up": { "uv": [ 9, 4, 12, 5 ], "texture": "#side" },
				"north": { "uv": [ 4, 10, 7, 10.5 ], "texture": "#side" },
				"south": { "uv": [ 9, 10, 12, 10.5 ], "texture": "#side" },
				"west": { "uv": [ 4, 10, 5, 10.5 ], "texture": "#side" },
				"east": { "uv": [ 11, 10, 12, 10.5 ], "texture": "#side" }
			}
		},
		{
			"__comment": "Box29",
			"from": [ 14, 5.5, 4 ],
			"to": [ 16, 6, 5 ],
			"faces": {
				"down": { "uv": [ 14, 11, 16, 12 ], "texture": "#side" },
				"up": { "uv": [ 14, 4, 16, 5 ], "texture": "#side" },
				"north": { "uv": [ 0, 10, 2, 10.5 ], "texture": "#side" },
				"south": { "uv": [ 14, 10, 16, 10.5 ], "texture": "#side" },
				"west": { "uv": [ 4, 10, 5, 10.5 ], "texture": "#side" },
				"east": { "uv": [ 11, 10, 12, 10.5 ], "texture": "#side" }
			}
		},
		{
			"__comment": "Box44",
			"from": [ 0, 5.5, 5 ],
			"to": [ 16, 6, 6 ],
			"faces": {
				"down": { "uv": [ 0, 10, 16, 11 ], "texture": "#side" },
				"up": { "uv": [ 0, 5, 16, 6 ], "texture": "#side" },
				"north": { "uv": [ 0, 10, 16, 10.5 ], "texture": "#side" },
				"south": { "uv": [ 0, 10, 16, 10.5 ], "texture": "#side" },
				"west": { "uv": [ 5, 10, 6, 10.5 ], "texture": "#side" },
				"east": { "uv": [ 10, 10, 11, 10.5 ], "texture": "#side" }
			}
		},
		{
			"__comment": "Box29",
			"from": [ 0, 5.5, 6 ],
			"to": [ 2, 6, 7 ],
			"faces": {
				"down": { "uv": [ 0, 9, 2, 10 ], "texture": "#side" },
				"up": { "uv": [ 0, 6, 2, 7 ], "texture": "#side" },
				"north": { "uv": [ 14, 10, 16, 10.5 ], "texture": "#side" },
				"south": { "uv": [ 0, 10, 2, 10.5 ], "texture": "#side" },
				"west": { "uv": [ 6, 10, 7, 10.5 ], "texture": "#side" },
				"east": { "uv": [ 9, 10, 10, 10.5 ], "texture": "#side" }
			}
		},
		{
			"__comment": "Box29",
			"from": [ 4, 5.5, 6 ],
			"to": [ 7, 6, 7 ],
			"faces": {
				"down": { "uv": [ 4, 9, 7, 10 ], "texture": "#side" },
				"up": { "uv": [ 4, 6, 7, 7 ], "texture": "#side" },
				"north": { "uv": [ 9, 10, 12, 10.5 ], "texture": "#side" },
				"south": { "uv": [ 4, 10, 7, 10.5 ], "texture": "#side" },
				"west": { "uv": [ 6, 10, 7, 10.5 ], "texture": "#side" },
				"east": { "uv": [ 9, 10, 10, 10.5 ], "texture": "#side" }
			}
		},
		{
			"__comment": "Box29",
			"from": [ 9, 5.5, 6 ],
			"to": [ 12, 6, 7 ],
			"faces": {
				"down": { "uv": [ 9, 9, 12, 10 ], "texture": "#side" },
				"up": { "uv": [ 9, 6, 12, 7 ], "texture": "#side" },
				"north": { "uv": [ 4, 10, 7, 10.5 ], "texture": "#side" },
				"south": { "uv": [ 9, 10, 12, 10.5 ], "texture": "#side" },
				"west": { "uv": [ 6, 10, 7, 10.5 ], "texture": "#side" },
				"east": { "uv": [ 9, 10, 10, 10.5 ], "texture": "#side" }
			}
		},
		{
			"__comment": "Box29",
			"from": [ 14, 5.5, 6 ],
			"to": [ 16, 6, 7 ],
			"faces": {
				"down": { "uv": [ 14, 9, 16, 10 ], "texture": "#side" },
				"up": { "uv": [ 14, 6, 16, 7 ], "texture": "#side" },
				"north": { "uv": [ 0, 10, 2, 10.5 ], "texture": "#side" },
				"south": { "uv": [ 14, 10, 16, 10.5 ], "texture": "#side" },
				"west": { "uv": [ 6, 10, 7, 10.5 ], "texture": "#side" },
				"east": { "uv": [ 9, 10, 10, 10.5 ], "texture": "#side" }
			}
		},
		{
			"__comment": "Box36",
			"from": [ 0, 5.5, 7 ],
			"to": [ 1, 6, 9 ],
			"faces": {
				"down": { "uv": [ 0, 7, 1, 9 ], "texture": "#side" },
				"up": { "uv": [ 0, 7, 1, 9 ], "texture": "#side" },
				"north": { "uv": [ 15, 10, 16, 10.5 ], "texture": "#side" },
				"south": { "uv": [ 0, 10, 1, 10.5 ], "texture": "#side" },
				"west": { "uv": [ 7, 10, 9, 10.5 ], "texture": "#side" },
				"east": { "uv": [ 7, 10, 9, 10.5 ], "texture": "#side" }
			}
		},
		{
			"__comment": "Box36",
			"from": [ 5, 5.5, 7 ],
			"to": [ 6, 6, 9 ],
			"faces": {
				"down": { "uv": [ 5, 7, 6, 9 ], "texture": "#side" },
				"up": { "uv": [ 5, 7, 6, 9 ], "texture": "#side" },
				"north": { "uv": [ 10, 10, 11, 10.5 ], "texture": "#side" },
				"south": { "uv": [ 5, 10, 6, 10.5 ], "texture": "#side" },
				"west": { "uv": [ 7, 10, 9, 10.5 ], "texture": "#side" },
				"east": { "uv": [ 7, 10, 9, 10.5 ], "texture": "#side" }
			}
		},
		{
			"__comment": "Box36",
			"from": [ 10, 5.5, 7 ],
			"to": [ 11, 6, 9 ],
			"faces": {
				"down": { "uv": [ 10, 7, 11, 9 ], "texture": "#side" },
				"up": { "uv": [ 10, 7, 11, 9 ], "texture": "#side" },
				"north": { "uv": [ 5, 10, 6, 10.5 ], "texture": "#side" },
				"south": { "uv": [ 10, 10, 11, 10.5 ], "texture": "#side" },
				"west": { "uv": [ 7, 10, 9, 10.5 ], "texture": "#side" },
				"east": { "uv": [ 7, 10, 9, 10.5 ], "texture": "#side" }
			}
		},
		{
			"__comment": "Box36",
			"from": [ 15, 5.5, 7 ],
			"to": [ 16, 6, 9 ],
			"faces": {
				"down": { "uv": [ 15, 7, 16, 9 ], "texture": "#side" },
				"up": { "uv": [ 15, 7, 16, 9 ], "texture": "#side" },
				"north": { "uv": [ 0, 10, 1, 10.5 ], "texture": "#side" },
				"south": { "uv": [ 15, 10, 16, 10.5 ], "texture": "#side" },
				"west": { "uv": [ 7, 10, 9, 10.5 ], "texture": "#side" },
				"east": { "uv": [ 7, 10, 9, 10.5 ], "texture": "#side" }
			}
		},
		{
			"__comment": "Box36",
			"from": [ 15, 5.5, 12 ],
			"to": [ 16, 6, 14 ],
			"faces": {
				"down": { "uv": [ 15, 2, 16, 4 ], "texture": "#side" },
				"up": { "uv": [ 15, 12, 16, 14 ], "texture": "#side" },
				"north": { "uv": [ 0, 10, 1, 10.5 ], "texture": "#side" },
				"south": { "uv": [ 15, 10, 16, 10.5 ], "texture": "#side" },
				"west": { "uv": [ 12, 10, 14, 10.5 ], "texture": "#side" },
				"east": { "uv": [ 2, 10, 4, 10.5 ], "texture": "#side" }
			}
		},
		{
			"__comment": "Box29",
			"from": [ 14, 5.5, 11 ],
			"to": [ 16, 6, 12 ],
			"faces": {
				"down": { "uv": [ 14, 4, 16, 5 ], "texture": "#side" },
				"up": { "uv": [ 14, 11, 16, 12 ], "texture": "#side" },
				"north": { "uv": [ 0, 10, 2, 10.5 ], "texture": "#side" },
				"south": { "uv": [ 14, 10, 16, 10.5 ], "texture": "#side" },
				"west": { "uv": [ 11, 10, 12, 10.5 ], "texture": "#side" },
				"east": { "uv": [ 4, 10, 5, 10.5 ], "texture": "#side" }
			}
		},
		{
			"__comment": "Box36",
			"from": [ 10, 5.5, 12 ],
			"to": [ 11, 6, 14 ],
			"faces": {
				"down": { "uv": [ 10, 2, 11, 4 ], "texture": "#side" },
				"up": { "uv": [ 10, 12, 11, 14 ], "texture": "#side" },
				"north": { "uv": [ 5, 10, 6, 10.5 ], "texture": "#side" },
				"south": { "uv": [ 10, 10, 11, 10.5 ], "texture": "#side" },
				"west": { "uv": [ 12, 10, 14, 10.5 ], "texture": "#side" },
				"east": { "uv": [ 2, 10, 4, 10.5 ], "texture": "#side" }
			}
		},
		{
			"__comment": "Box29",
			"from": [ 9, 5.5, 11 ],
			"to": [ 12, 6, 12 ],
			"faces": {
				"down": { "uv": [ 9, 4, 12, 5 ], "texture": "#side" },
				"up": { "uv": [ 9, 11, 12, 12 ], "texture": "#side" },
				"north": { "uv": [ 4, 10, 7, 10.5 ], "texture": "#side" },
				"south": { "uv": [ 9, 10, 12, 10.5 ], "texture": "#side" },
				"west": { "uv": [ 11, 10, 12, 10.5 ], "texture": "#side" },
				"east": { "uv": [ 4, 10, 5, 10.5 ], "texture": "#side" }
			}
		},
		{
			"__comment": "Box36",
			"from": [ 5, 5.5, 12 ],
			"to": [ 6, 6, 14 ],
			"faces": {
				"down": { "uv": [ 5, 2, 6, 4 ], "texture": "#side" },
				"up": { "uv": [ 5, 12, 6, 14 ], "texture": "#side" },
				"north": { "uv": [ 10, 10, 11, 10.5 ], "texture": "#side" },
				"south": { "uv": [ 5, 10, 6, 10.5 ], "texture": "#side" },
				"west": { "uv": [ 12, 10, 14, 10.5 ], "texture": "#side" },
				"east": { "uv": [ 2, 10, 4, 10.5 ], "texture": "#side" }
			}
		},
		{
			"__comment": "Box29",
			"from": [ 4, 5.5, 11 ],
			"to": [ 7, 6, 12 ],
			"faces": {
				"down": { "uv": [ 4, 4, 7, 5 ], "texture": "#side" },
				"up": { "uv": [ 4, 11, 7, 12 ], "texture": "#side" },
				"north": { "uv": [ 9, 10, 12, 10.5 ], "texture": "#side" },
				"south": { "uv": [ 4, 10, 7, 10.5 ], "texture": "#side" },
				"west": { "uv": [ 11, 10, 12, 10.5 ], "texture": "#side" },
				"east": { "uv": [ 4, 10, 5, 10.5 ], "texture": "#side" }
			}
		},
		{
			"__comment": "Box44",
			"from": [ 0, 5.5, 10 ],
			"to": [ 16, 6, 11 ],
			"faces": {
				"down": { "uv": [ 0, 5, 16, 6 ], "texture": "#side" },
				"up": { "uv": [ 0, 10, 16, 11 ], "texture": "#side" },
				"north": { "uv": [ 0, 10, 16, 10.5 ], "texture": "#side" },
				"south": { "uv": [ 0, 10, 16, 10.5 ], "texture": "#side" },
				"west": { "uv": [ 10, 10, 11, 10.5 ], "texture": "#side" },
				"east": { "uv": [ 5, 10, 6, 10.5 ], "texture": "#side" }
			}
		},
		{
			"__comment": "Box29",
			"from": [ 0, 5.5, 11 ],
			"to": [ 2, 6, 12 ],
			"faces": {
				"down": { "uv": [ 0, 4, 2, 5 ], "texture": "#side" },
				"up": { "uv": [ 0, 11, 2, 12 ], "texture": "#side" },
				"north": { "uv": [ 14, 10, 16, 10.5 ], "texture": "#side" },
				"south": { "uv": [ 0, 10, 2, 10.5 ], "texture": "#side" },
				"west": { "uv": [ 11, 10, 12, 10.5 ], "texture": "#side" },
				"east": { "uv": [ 4, 10, 5, 10.5 ], "texture": "#side" }
			}
		},
		{
			"__comment": "Box36",
			"from": [ 0, 5.5, 12 ],
			"to": [ 1, 6, 14 ],
			"faces": {
				"down": { "uv": [ 0, 2, 1, 4 ], "texture": "#side" },
				"up": { "uv": [ 0, 12, 1, 14 ], "texture": "#side" },
				"north": { "uv": [ 15, 10, 16, 10.5 ], "texture": "#side" },
				"south": { "uv": [ 0, 10, 1, 10.5 ], "texture": "#side" },
				"west": { "uv": [ 12, 10, 14, 10.5 ], "texture": "#side" },
				"east": { "uv": [ 2, 10, 4, 10.5 ], "texture": "#side" }
			}
		},
		{
			"__comment": "Box29",
			"from": [ 14, 5.5, 9 ],
			"to": [ 16, 6, 10 ],
			"faces": {
				"down": { "uv": [ 14, 6, 16, 7 ], "texture": "#side" },
				"up": { "uv": [ 14, 9, 16, 10 ], "texture": "#side" },
				"north": { "uv": [ 0, 10, 2, 10.5 ], "texture": "#side" },
				"south": { "uv": [ 14, 10, 16, 10.5 ], "texture": "#side" },
				"west": { "uv": [ 9, 10, 10, 10.5 ], "texture": "#side" },
				"east": { "uv": [ 6, 10, 7, 10.5 ], "texture": "#side" }
			}
		},
		{
			"__comment": "Box29",
			"from": [ 9, 5.5, 9 ],
			"to": [ 12, 6, 10 ],
			"faces": {
				"down": { "uv": [ 9, 6, 12, 7 ], "texture": "#side" },
				"up": { "uv": [ 9, 9, 12, 10 ], "texture": "#side" },
				"north": { "uv": [ 4, 10, 7, 10.5 ], "texture": "#side" },
				"south": { "uv": [ 9, 10, 12, 10.5 ], "texture": "#side" },
				"west": { "uv": [ 9, 10, 10, 10.5 ], "texture": "#side" },
				"east": { "uv": [ 6, 10, 7, 10.5 ], "texture": "#side" }
			}
		},
		{
			"__comment": "Box29",
			"from": [ 4, 5.5, 9 ],
			"to": [ 7, 6, 10 ],
			"faces": {
				"down": { "uv": [ 4, 6, 7, 7 ], "texture": "#side" },
				"up": { "uv": [ 4, 9, 7, 10 ], "texture": "#side" },
				"north": { "uv": [ 9, 10, 12, 10.5 ], "texture": "#side" },
				"south": { "uv": [ 4, 10, 7, 10.5 ], "texture": "#side" },
				"west": { "uv": [ 9, 10, 10, 10.5 ], "texture": "#side" },
				"east": { "uv": [ 6, 10, 7, 10.5 ], "texture": "#side" }
			}
		},
		{
			"__comment": "Box29",
			"from": [ 0, 5.5, 9 ],
			"to": [ 2, 6, 10 ],
			"faces": {
				"down": { "uv": [ 0, 6, 2, 7 ], "texture": "#side" },
				"up": { "uv": [ 0, 9, 2, 10 ], "texture": "#side" },
				"north": { "uv": [ 14, 10, 16, 10.5 ], "texture": "#side" },
				"south": { "uv": [ 0, 10, 2, 10.5 ], "texture": "#side" },
				"west": { "uv": [ 9, 10, 10, 10.5 ], "texture": "#side" },
				"east": { "uv": [ 6, 10, 7, 10.5 ], "texture": "#side" }
			}
		},
		{
			"__comment": "Box29",
			"from": [ 0, 5.5, 14 ],
			"to": [ 2, 6, 15 ],
			"faces": {
				"down": { "uv": [ 0, 1, 2, 2 ], "texture": "#side" },
				"up": { "uv": [ 0, 14, 2, 15 ], "texture": "#side" },
				"north": { "uv": [ 14, 10, 16, 10.5 ], "texture": "#side" },
				"south": { "uv": [ 0, 10, 2, 10.5 ], "texture": "#side" },
				"west": { "uv": [ 14, 10, 15, 10.5 ], "texture": "#side" },
				"east": { "uv": [ 1, 10, 2, 10.5 ], "texture": "#side" }
			}
		},
		{
			"__comment": "Box29",
			"from": [ 4, 5.5, 14 ],
			"to": [ 7, 6, 15 ],
			"faces": {
				"down": { "uv": [ 4, 1, 7, 2 ], "texture": "#side" },
				"up": { "uv": [ 4, 14, 7, 15 ], "texture": "#side" },
				"north": { "uv": [ 9, 10, 12, 10.5 ], "texture": "#side" },
				"south": { "uv": [ 4, 10, 7, 10.5 ], "texture": "#side" },
				"west": { "uv": [ 14, 10, 15, 10.5 ], "texture": "#side" },
				"east": { "uv": [ 1, 10, 2, 10.5 ], "texture": "#side" }
			}
		},
		{
			"__comment": "Box29",
			"from": [ 9, 5.5, 14 ],
			"to": [ 12, 6, 15 ],
			"faces": {
				"down": { "uv": [ 9, 1, 12, 2 ], "texture": "#side" },
				"up": { "uv": [ 9, 14, 12, 15 ], "texture": "#side" },
				"north": { "uv": [ 4, 10, 7, 10.5 ], "texture": "#side" },
				"south": { "uv": [ 9, 10, 12, 10.5 ], "texture": "#side" },
				"west": { "uv": [ 14, 10, 15, 10.5 ], "texture": "#side" },
				"east": { "uv": [ 1, 10, 2, 10.5 ], "texture": "#side" }
			}
		},
		{
			"__comment": "Box29",
			"from": [ 14, 5.5, 14 ],
			"to": [ 16, 6, 15 ],
			"faces": {
				"down": { "uv": [ 14, 1, 16, 2 ], "texture": "#side" },
				"up": { "uv": [ 14, 14, 16, 15 ], "texture": "#side" },
				"north": { "uv": [ 0, 10, 2, 10.5 ], "texture": "#side" },
				"south": { "uv": [ 14, 10, 16, 10.5 ], "texture": "#side" },
				"west": { "uv": [ 14, 10, 15, 10.5 ], "texture": "#side" },
				"east": { "uv": [ 1, 10, 2, 10.5 ], "texture": "#side" }
			}
		},
		{
			"__comment": "Box44",
			"from": [ 0, 5.5, 15 ],
			"to": [ 16, 6, 16 ],
			"faces": {
				"down": { "uv": [ 0, 0, 16, 1 ], "texture": "#side" },
				"up": { "uv": [ 0, 15, 16, 16 ], "texture": "#side" },
				"north": { "uv": [ 0, 10, 16, 10.5 ], "texture": "#side" },
				"south": { "uv": [ 0, 10, 16, 10.5 ], "texture": "#side" },
				"west": { "uv": [ 15, 10, 16, 10.5 ], "texture": "#side" },
				"east": { "uv": [ 0, 10, 1, 10.5 ], "texture": "#side" }
			}
		},
		{
			"__comment": "Box43",
			"from": [ 0, 0, 0 ],
			"to": [ 16, 5.5, 16 ],
			"faces": {
				"down": { "uv": [ 0, 0, 16, 16 ], "texture": "#side" },
				"up": { "uv": [ 0, 0, 16, 16 ], "texture": "#top" },
				"north": { "uv": [ 0, 10.5, 16, 16 ], "texture": "#side" },
				"south": { "uv": [ 0, 10.5, 16, 16 ], "texture": "#side" },
				"west": { "uv": [ 0, 10.5, 16, 16 ], "texture": "#side" },
				"east": { "uv": [ 0, 10.5, 16, 16 ], "texture": "#side" }
			}
		}
	]
}