{
	"__comment": "Designed by QSKSw with Cubik Studio - https://cubik.studio",
	"parent": "block/thin_block",
	"textures": {
		"particle": "#texture"
	},
	"elements": [ 	 
		{
			"from": [ 0, 0, 14 ],
			"to": [ 16, 16, 16 ],
			"faces": {
				"down": { "uv": [ 0, 14, 16, 16 ], "texture": "#texture" },
				"up": { "uv": [ 16, 16, 0, 14 ], "texture": "#texture" },
				"north": { "uv": [ 0, 0, 16, 16 ], "texture": "#texture", "rotation": 180 },
				"south": { "uv": [ 16, 16, 0, 0 ], "texture": "#texture", "rotation": 180 },
				"west": { "uv": [ 16, 16, 0, 14 ], "texture": "#texture", "rotation": 270 },
				"east": { "uv": [ 16, 16, 0, 14 ], "texture": "#texture", "rotation": 90 }
			}
		}
	]
}