{
	"__comment": "Designed by QSKSw with Cubik Studio - https://cubik.studio",
	"textures": {
		"particle": "block/warped_wart_block",
		"texture": "block/warped_fungus"
	},
	"elements": [ 	 
		{
			"__comment": "Box1",
			"from": [ 7, 0, 7 ],
			"to": [ 9, 5, 9 ],
			"faces": {
				"down": { "uv": [ 7, 14, 9, 16 ], "texture": "#texture" },
				"up": { "uv": [ 7, 7, 9, 9 ], "texture": "#texture" },
				"north": { "uv": [ 7, 11, 9, 16 ], "texture": "#texture" },
				"south": { "uv": [ 7, 11, 9, 16 ], "texture": "#texture" },
				"west": { "uv": [ 7, 11, 9, 16 ], "texture": "#texture" },
				"east": { "uv": [ 7, 11, 9, 16 ], "texture": "#texture" }
			}
		},
		{
			"__comment": "Box2",
			"from": [ 3, 5, 8 ],
			"to": [ 13, 9, 13 ],
			"faces": {
				"down": { "uv": [ 13, 11, 3, 7 ], "texture": "#texture" },
				"up": { "uv": [ 3, 7, 13, 11 ], "texture": "#texture" },
				"north": { "uv": [ 3, 7, 13, 11 ], "texture": "#texture" },
				"south": { "uv": [ 3, 7, 13, 11 ], "texture": "#texture" },
				"west": { "uv": [ 8, 7, 13, 11 ], "texture": "#texture" },
				"east": { "uv": [ 3, 7, 8, 11 ], "texture": "#texture" }
			}
		},
		{
			"__comment": "Box2",
			"from": [ 3, 5, 3 ],
			"to": [ 13, 9, 8 ],
			"faces": {
				"down": { "uv": [ 3, 7, 13, 11 ], "texture": "#texture" },
				"up": { "uv": [ 3, 7, 13, 11 ], "texture": "#texture", "rotation": 180 },
				"north": { "uv": [ 3, 7, 13, 11 ], "texture": "#texture" },
				"south": { "uv": [ 3, 7, 13, 11 ], "texture": "#texture" },
				"west": { "uv": [ 3, 7, 8, 11 ], "texture": "#texture" },
				"east": { "uv": [ 8, 7, 13, 11 ], "texture": "#texture" }
			}
		}
	]
}