{
	"__comment": "Designed by QSKSw with Cubik Studio - https://cubik.studio",
	"parent": "minecraft:block/template_orientable_trapdoor_open",
	"textures": {
		"texture": "block/warped_trapdoor"
	},
	"elements": [ 	 
		{
			"__comment": "Box1",
			"from": [ 0, 13, 14 ],
			"to": [ 16, 16, 16 ],
			"faces": {
				"down": { "uv": [ 16, 16, 0, 14 ], "texture": "#texture", "rotation": 180 },
				"up": { "uv": [ 0, 14, 16, 16 ], "texture": "#texture", "rotation": 180 },
				"north": { "uv": [ 0, 3, 16, 0 ], "texture": "#texture", "rotation": 180 },
				"south": { "uv": [ 16, 3, 0, 0 ], "texture": "#texture", "rotation": 180 },
				"west": { "uv": [ 0, 14, 3, 16 ], "texture": "#texture", "rotation": 90 },
				"east": { "uv": [ 13, 14, 16, 16 ], "texture": "#texture", "rotation": 270 }
			}
		},
		{
			"__comment": "Box2",
			"from": [ 0, 3, 14 ],
			"to": [ 3, 13, 16 ],
			"faces": {
				"down": { "uv": [ 3, 16, 0, 14 ], "texture": "#texture", "rotation": 180 },
				"up": { "uv": [ 13, 14, 16, 16 ], "texture": "#texture", "rotation": 180 },
				"north": { "uv": [ 0, 3, 3, 13 ], "texture": "#texture", "rotation": 180 },
				"south": { "uv": [ 3, 13, 0, 3 ], "texture": "#texture", "rotation": 180 },
				"west": { "uv": [ 3, 14, 13, 16 ], "texture": "#texture", "rotation": 90 },
				"east": { "uv": [ 3, 14, 13, 16 ], "texture": "#texture", "rotation": 270 }
			}
		},
		{
			"__comment": "Box2",
			"from": [ 13, 3, 14 ],
			"to": [ 16, 13, 16 ],
			"faces": {
				"down": { "uv": [ 16, 16, 13, 14 ], "texture": "#texture", "rotation": 180 },
				"up": { "uv": [ 0, 14, 3, 16 ], "texture": "#texture", "rotation": 180 },
				"north": { "uv": [ 13, 3, 16, 13 ], "texture": "#texture", "rotation": 180 },
				"south": { "uv": [ 16, 13, 13, 3 ], "texture": "#texture", "rotation": 180 },
				"west": { "uv": [ 3, 14, 13, 16 ], "texture": "#texture", "rotation": 90 },
				"east": { "uv": [ 3, 14, 13, 16 ], "texture": "#texture", "rotation": 270 }
			}
		},
		{
			"__comment": "Box1",
			"from": [ 0, 0, 14 ],
			"to": [ 16, 3, 16 ],
			"faces": {
				"down": { "uv": [ 16, 16, 0, 14 ], "texture": "#texture", "rotation": 180 },
				"up": { "uv": [ 0, 14, 16, 16 ], "texture": "#texture", "rotation": 180 },
				"north": { "uv": [ 0, 0, 16, 3 ], "texture": "#texture", "rotation": 180 },
				"south": { "uv": [ 16, 16, 0, 13 ], "texture": "#texture", "rotation": 180 },
				"west": { "uv": [ 13, 14, 16, 16 ], "texture": "#texture", "rotation": 90 },
				"east": { "uv": [ 0, 14, 3, 16 ], "texture": "#texture", "rotation": 270 }
			}
		},
		{
			"__comment": "Box5",
			"from": [ 4, 11, 14 ],
			"to": [ 6, 13, 16 ],
			"faces": {
				"down": { "uv": [ 6, 16, 4, 14 ], "texture": "#texture", "rotation": 180 },
				"up": { "uv": [ 10, 14, 12, 16 ], "texture": "#texture", "rotation": 180 },
				"north": { "uv": [ 6, 3, 4, 5 ], "texture": "#texture" },
				"south": { "uv": [ 6, 5, 4, 3 ], "texture": "#texture", "rotation": 180 },
				"west": { "uv": [ 3, 14, 5, 16 ], "texture": "#texture", "rotation": 90 },
				"east": { "uv": [ 11, 14, 13, 16 ], "texture": "#texture", "rotation": 270 }
			}
		},
		{
			"__comment": "Box6",
			"from": [ 5, 10, 14 ],
			"to": [ 6, 11, 16 ],
			"faces": {
				"down": { "uv": [ 6, 16, 5, 14 ], "texture": "#texture", "rotation": 180 },
				"up": { "uv": [ 10, 14, 11, 16 ], "texture": "#texture", "rotation": 180 },
				"north": { "uv": [ 5, 5, 6, 6 ], "texture": "#texture", "rotation": 180 },
				"south": { "uv": [ 6, 6, 5, 5 ], "texture": "#texture", "rotation": 180 },
				"west": { "uv": [ 5, 14, 6, 16 ], "texture": "#texture", "rotation": 90 },
				"east": { "uv": [ 10, 14, 11, 16 ], "texture": "#texture", "rotation": 270 }
			}
		},
		{
			"__comment": "Box6",
			"from": [ 5, 7, 14 ],
			"to": [ 6, 8, 16 ],
			"faces": {
				"down": { "uv": [ 6, 16, 5, 14 ], "texture": "#texture", "rotation": 180 },
				"up": { "uv": [ 10, 14, 11, 16 ], "texture": "#texture", "rotation": 180 },
				"north": { "uv": [ 5, 8, 6, 9 ], "texture": "#texture", "rotation": 180 },
				"south": { "uv": [ 6, 9, 5, 8 ], "texture": "#texture", "rotation": 180 },
				"west": { "uv": [ 8, 14, 9, 16 ], "texture": "#texture", "rotation": 90 },
				"east": { "uv": [ 7, 14, 8, 16 ], "texture": "#texture", "rotation": 270 }
			}
		},
		{
			"__comment": "Box6",
			"from": [ 6, 3, 14 ],
			"to": [ 7, 4, 16 ],
			"faces": {
				"down": { "uv": [ 7, 16, 6, 14 ], "texture": "#texture", "rotation": 180 },
				"up": { "uv": [ 9, 14, 10, 16 ], "texture": "#texture", "rotation": 180 },
				"north": { "uv": [ 6, 12, 7, 13 ], "texture": "#texture", "rotation": 180 },
				"south": { "uv": [ 7, 13, 6, 12 ], "texture": "#texture", "rotation": 180 },
				"west": { "uv": [ 12, 14, 13, 16 ], "texture": "#texture", "rotation": 90 },
				"east": { "uv": [ 3, 14, 4, 16 ], "texture": "#texture", "rotation": 270 }
			}
		},
		{
			"__comment": "Box9",
			"from": [ 6, 6, 14 ],
			"to": [ 7, 12, 16 ],
			"faces": {
				"down": { "uv": [ 7, 16, 6, 14 ], "texture": "#texture", "rotation": 180 },
				"up": { "uv": [ 9, 14, 10, 16 ], "texture": "#texture", "rotation": 180 },
				"north": { "uv": [ 6, 10, 7, 4 ], "texture": "#texture", "rotation": 180 },
				"south": { "uv": [ 7, 10, 6, 4 ], "texture": "#texture", "rotation": 180 },
				"west": { "uv": [ 4, 14, 10, 16 ], "texture": "#texture", "rotation": 90 },
				"east": { "uv": [ 6, 14, 12, 16 ], "texture": "#texture", "rotation": 270 }
			}
		},
		{
			"__comment": "Box9",
			"from": [ 4, 3, 14 ],
			"to": [ 6, 7, 16 ],
			"faces": {
				"down": { "uv": [ 6, 16, 4, 14 ], "texture": "#texture", "rotation": 180 },
				"up": { "uv": [ 10, 14, 12, 16 ], "texture": "#texture", "rotation": 180 },
				"north": { "uv": [ 6, 9, 4, 13 ], "texture": "#texture" },
				"south": { "uv": [ 6, 13, 4, 9 ], "texture": "#texture", "rotation": 180 },
				"west": { "uv": [ 9, 14, 13, 16 ], "texture": "#texture", "rotation": 90 },
				"east": { "uv": [ 3, 14, 7, 16 ], "texture": "#texture", "rotation": 270 }
			}
		},
		{
			"__comment": "Box6",
			"from": [ 3, 8, 14 ],
			"to": [ 4, 10, 16 ],
			"faces": {
				"down": { "uv": [ 4, 16, 3, 14 ], "texture": "#texture", "rotation": 180 },
				"up": { "uv": [ 12, 14, 13, 16 ], "texture": "#texture", "rotation": 180 },
				"north": { "uv": [ 3, 8, 4, 10 ], "texture": "#texture", "rotation": 180 },
				"south": { "uv": [ 4, 8, 3, 6 ], "texture": "#texture", "rotation": 180 },
				"west": { "uv": [ 6, 14, 8, 16 ], "texture": "#texture", "rotation": 90 },
				"east": { "uv": [ 8, 14, 10, 16 ], "texture": "#texture", "rotation": 270 }
			}
		},
		{
			"__comment": "Box12",
			"from": [ 8, 12, 14 ],
			"to": [ 11, 13, 16 ],
			"faces": {
				"down": { "uv": [ 11, 16, 8, 14 ], "texture": "#texture", "rotation": 180 },
				"up": { "uv": [ 5, 14, 8, 16 ], "texture": "#texture", "rotation": 180 },
				"north": { "uv": [ 11, 3, 8, 4 ], "texture": "#texture", "rotation": 180 },
				"south": { "uv": [ 11, 4, 8, 3 ], "texture": "#texture", "rotation": 180 },
				"west": { "uv": [ 3, 14, 4, 16 ], "texture": "#texture", "rotation": 90 },
				"east": { "uv": [ 12, 14, 13, 16 ], "texture": "#texture", "rotation": 270 }
			}
		},
		{
			"__comment": "Box6",
			"from": [ 9, 9, 14 ],
			"to": [ 10, 12, 16 ],
			"faces": {
				"down": { "uv": [ 10, 16, 9, 14 ], "texture": "#texture", "rotation": 180 },
				"up": { "uv": [ 6, 14, 7, 16 ], "texture": "#texture", "rotation": 180 },
				"north": { "uv": [ 9, 7, 10, 4 ], "texture": "#texture", "rotation": 180 },
				"south": { "uv": [ 10, 7, 9, 4 ], "texture": "#texture", "rotation": 180 },
				"west": { "uv": [ 4, 14, 7, 16 ], "texture": "#texture", "rotation": 90 },
				"east": { "uv": [ 9, 14, 12, 16 ], "texture": "#texture", "rotation": 270 }
			}
		},
		{
			"__comment": "Box6",
			"from": [ 10, 4, 14 ],
			"to": [ 11, 11, 16 ],
			"faces": {
				"down": { "uv": [ 11, 16, 10, 14 ], "texture": "#texture", "rotation": 180 },
				"up": { "uv": [ 5, 14, 6, 16 ], "texture": "#texture", "rotation": 180 },
				"north": { "uv": [ 10, 12, 11, 5 ], "texture": "#texture", "rotation": 180 },
				"south": { "uv": [ 11, 12, 10, 5 ], "texture": "#texture", "rotation": 180 },
				"west": { "uv": [ 5, 14, 12, 16 ], "texture": "#texture", "rotation": 90 },
				"east": { "uv": [ 4, 14, 11, 16 ], "texture": "#texture", "rotation": 270 }
			}
		},
		{
			"__comment": "Box6",
			"from": [ 9, 3, 14 ],
			"to": [ 10, 6, 16 ],
			"faces": {
				"down": { "uv": [ 10, 16, 9, 14 ], "texture": "#texture", "rotation": 180 },
				"up": { "uv": [ 6, 14, 7, 16 ], "texture": "#texture", "rotation": 180 },
				"north": { "uv": [ 9, 13, 10, 10 ], "texture": "#texture", "rotation": 180 },
				"south": { "uv": [ 10, 13, 9, 10 ], "texture": "#texture", "rotation": 180 },
				"west": { "uv": [ 10, 14, 13, 16 ], "texture": "#texture", "rotation": 90 },
				"east": { "uv": [ 3, 14, 6, 16 ], "texture": "#texture", "rotation": 270 }
			}
		},
		{
			"__comment": "Box6",
			"from": [ 11, 3, 14 ],
			"to": [ 12, 4, 16 ],
			"faces": {
				"down": { "uv": [ 12, 16, 11, 14 ], "texture": "#texture", "rotation": 180 },
				"up": { "uv": [ 4, 14, 5, 16 ], "texture": "#texture", "rotation": 180 },
				"north": { "uv": [ 11, 12, 12, 13 ], "texture": "#texture", "rotation": 180 },
				"south": { "uv": [ 12, 13, 11, 12 ], "texture": "#texture", "rotation": 180 },
				"west": { "uv": [ 12, 14, 13, 16 ], "texture": "#texture", "rotation": 90 },
				"east": { "uv": [ 3, 14, 4, 16 ], "texture": "#texture", "rotation": 270 }
			}
		},
		{
			"__comment": "Box6",
			"from": [ 12, 6, 14 ],
			"to": [ 13, 11, 16 ],
			"faces": {
				"down": { "uv": [ 13, 16, 12, 14 ], "texture": "#texture", "rotation": 180 },
				"up": { "uv": [ 3, 14, 4, 16 ], "texture": "#texture", "rotation": 180 },
				"north": { "uv": [ 12, 10, 13, 5 ], "texture": "#texture", "rotation": 180 },
				"south": { "uv": [ 13, 10, 12, 5 ], "texture": "#texture", "rotation": 180 },
				"west": { "uv": [ 5, 14, 10, 16 ], "texture": "#texture", "rotation": 90 },
				"east": { "uv": [ 6, 14, 11, 16 ], "texture": "#texture", "rotation": 270 }
			}
		}
	]
}