{
	"__comment": "Designed by QSKSw with Cubik Studio - https://cubik.studio",
	"parent": "minecraft:block/template_orientable_trapdoor_top",
	"textures": {
		"texture": "block/warped_trapdoor"
	},
	"elements": [ 	 
		{
			"__comment": "Box1",
			"from": [ 0, 14, 13 ],
			"to": [ 16, 16, 16 ],
			"faces": {
				"down": { "uv": [ 0, 3, 16, 0 ], "texture": "#texture", "rotation": 180 },
				"up": { "uv": [ 0, 0, 16, 3 ], "texture": "#texture", "rotation": 180 },
				"north": { "uv": [ 0, 14, 16, 16 ], "texture": "#texture" },
				"south": { "uv": [ 0, 14, 16, 16 ], "texture": "#texture" },
				"west": { "uv": [ 13, 14, 16, 16 ], "texture": "#texture" },
				"east": { "uv": [ 0, 14, 3, 16 ], "texture": "#texture" }
			}
		},
		{
			"__comment": "Box2",
			"from": [ 13, 14, 3 ],
			"to": [ 16, 16, 13 ],
			"faces": {
				"down": { "uv": [ 0, 3, 3, 13 ], "texture": "#texture", "rotation": 180 },
				"up": { "uv": [ 0, 3, 3, 13 ], "texture": "#texture", "rotation": 180 },
				"north": { "uv": [ 0, 14, 3, 16 ], "texture": "#texture" },
				"south": { "uv": [ 13, 14, 16, 16 ], "texture": "#texture" },
				"west": { "uv": [ 3, 14, 13, 16 ], "texture": "#texture" },
				"east": { "uv": [ 3, 14, 13, 16 ], "texture": "#texture" }
			}
		},
		{
			"__comment": "Box2",
			"from": [ 0, 14, 3 ],
			"to": [ 3, 16, 13 ],
			"faces": {
				"down": { "uv": [ 13, 3, 16, 13 ], "texture": "#texture", "rotation": 180 },
				"up": { "uv": [ 13, 3, 16, 13 ], "texture": "#texture", "rotation": 180 },
				"north": { "uv": [ 13, 14, 16, 16 ], "texture": "#texture" },
				"south": { "uv": [ 0, 14, 3, 16 ], "texture": "#texture" },
				"west": { "uv": [ 3, 14, 13, 16 ], "texture": "#texture" },
				"east": { "uv": [ 3, 14, 13, 16 ], "texture": "#texture" }
			}
		},
		{
			"__comment": "Box1",
			"from": [ 0, 14, 0 ],
			"to": [ 16, 16, 3 ],
			"faces": {
				"down": { "uv": [ 0, 0, 16, 3 ], "texture": "#texture", "rotation": 180 },
				"up": { "uv": [ 0, 13, 16, 16 ], "texture": "#texture", "rotation": 180 },
				"north": { "uv": [ 0, 14, 16, 16 ], "texture": "#texture" },
				"south": { "uv": [ 0, 14, 16, 16 ], "texture": "#texture" },
				"west": { "uv": [ 0, 14, 3, 16 ], "texture": "#texture" },
				"east": { "uv": [ 13, 14, 16, 16 ], "texture": "#texture" }
			}
		},
		{
			"__comment": "Box5",
			"from": [ 10, 14, 11 ],
			"to": [ 12, 16, 13 ],
			"faces": {
				"down": { "uv": [ 6, 3, 4, 5 ], "texture": "#texture" },
				"up": { "uv": [ 4, 3, 6, 5 ], "texture": "#texture", "rotation": 180 },
				"north": { "uv": [ 4, 14, 6, 16 ], "texture": "#texture" },
				"south": { "uv": [ 10, 14, 12, 16 ], "texture": "#texture" },
				"west": { "uv": [ 11, 14, 13, 16 ], "texture": "#texture" },
				"east": { "uv": [ 3, 14, 5, 16 ], "texture": "#texture" }
			}
		},
		{
			"__comment": "Box6",
			"from": [ 10, 14, 10 ],
			"to": [ 11, 16, 11 ],
			"faces": {
				"down": { "uv": [ 5, 5, 6, 6 ], "texture": "#texture", "rotation": 180 },
				"up": { "uv": [ 5, 5, 6, 6 ], "texture": "#texture", "rotation": 180 },
				"north": { "uv": [ 5, 14, 6, 16 ], "texture": "#texture" },
				"south": { "uv": [ 10, 14, 11, 16 ], "texture": "#texture" },
				"west": { "uv": [ 10, 14, 11, 16 ], "texture": "#texture" },
				"east": { "uv": [ 5, 14, 6, 16 ], "texture": "#texture" }
			}
		},
		{
			"__comment": "Box6",
			"from": [ 10, 14, 7 ],
			"to": [ 11, 16, 8 ],
			"faces": {
				"down": { "uv": [ 5, 8, 6, 9 ], "texture": "#texture", "rotation": 180 },
				"up": { "uv": [ 5, 8, 6, 9 ], "texture": "#texture", "rotation": 180 },
				"north": { "uv": [ 5, 14, 6, 16 ], "texture": "#texture" },
				"south": { "uv": [ 10, 14, 11, 16 ], "texture": "#texture" },
				"west": { "uv": [ 7, 14, 8, 16 ], "texture": "#texture" },
				"east": { "uv": [ 8, 14, 9, 16 ], "texture": "#texture" }
			}
		},
		{
			"__comment": "Box6",
			"from": [ 9, 14, 3 ],
			"to": [ 10, 16, 4 ],
			"faces": {
				"down": { "uv": [ 6, 12, 7, 13 ], "texture": "#texture", "rotation": 180 },
				"up": { "uv": [ 6, 12, 7, 13 ], "texture": "#texture", "rotation": 180 },
				"north": { "uv": [ 6, 14, 7, 16 ], "texture": "#texture" },
				"south": { "uv": [ 9, 14, 10, 16 ], "texture": "#texture" },
				"west": { "uv": [ 3, 14, 4, 16 ], "texture": "#texture" },
				"east": { "uv": [ 12, 14, 13, 16 ], "texture": "#texture" }
			}
		},
		{
			"__comment": "Box9",
			"from": [ 9, 14, 6 ],
			"to": [ 10, 16, 12 ],
			"faces": {
				"down": { "uv": [ 6, 10, 7, 4 ], "texture": "#texture", "rotation": 180 },
				"up": { "uv": [ 6, 4, 7, 10 ], "texture": "#texture", "rotation": 180 },
				"north": { "uv": [ 6, 14, 7, 16 ], "texture": "#texture" },
				"south": { "uv": [ 9, 14, 10, 16 ], "texture": "#texture" },
				"west": { "uv": [ 6, 14, 12, 16 ], "texture": "#texture" },
				"east": { "uv": [ 4, 14, 10, 16 ], "texture": "#texture" }
			}
		},
		{
			"__comment": "Box9",
			"from": [ 10, 14, 3 ],
			"to": [ 12, 16, 7 ],
			"faces": {
				"down": { "uv": [ 6, 9, 4, 13 ], "texture": "#texture" },
				"up": { "uv": [ 4, 9, 6, 13 ], "texture": "#texture", "rotation": 180 },
				"north": { "uv": [ 4, 14, 6, 16 ], "texture": "#texture" },
				"south": { "uv": [ 10, 14, 12, 16 ], "texture": "#texture" },
				"west": { "uv": [ 3, 14, 7, 16 ], "texture": "#texture" },
				"east": { "uv": [ 9, 14, 13, 16 ], "texture": "#texture" }
			}
		},
		{
			"__comment": "Box6",
			"from": [ 12, 14, 8 ],
			"to": [ 13, 16, 10 ],
			"faces": {
				"down": { "uv": [ 3, 8, 4, 10 ], "texture": "#texture", "rotation": 180 },
				"up": { "uv": [ 3, 6, 4, 8 ], "texture": "#texture", "rotation": 180 },
				"north": { "uv": [ 3, 14, 4, 16 ], "texture": "#texture" },
				"south": { "uv": [ 12, 14, 13, 16 ], "texture": "#texture" },
				"west": { "uv": [ 8, 14, 10, 16 ], "texture": "#texture" },
				"east": { "uv": [ 6, 14, 8, 16 ], "texture": "#texture" }
			}
		},
		{
			"__comment": "Box12",
			"from": [ 5, 14, 12 ],
			"to": [ 8, 16, 13 ],
			"faces": {
				"down": { "uv": [ 11, 3, 8, 4 ], "texture": "#texture", "rotation": 180 },
				"up": { "uv": [ 8, 3, 11, 4 ], "texture": "#texture", "rotation": 180 },
				"north": { "uv": [ 8, 14, 11, 16 ], "texture": "#texture" },
				"south": { "uv": [ 5, 14, 8, 16 ], "texture": "#texture" },
				"west": { "uv": [ 12, 14, 13, 16 ], "texture": "#texture" },
				"east": { "uv": [ 3, 14, 4, 16 ], "texture": "#texture" }
			}
		},
		{
			"__comment": "Box6",
			"from": [ 6, 14, 9 ],
			"to": [ 7, 16, 12 ],
			"faces": {
				"down": { "uv": [ 9, 7, 10, 4 ], "texture": "#texture", "rotation": 180 },
				"up": { "uv": [ 9, 4, 10, 7 ], "texture": "#texture", "rotation": 180 },
				"north": { "uv": [ 9, 14, 10, 16 ], "texture": "#texture" },
				"south": { "uv": [ 6, 14, 7, 16 ], "texture": "#texture" },
				"west": { "uv": [ 9, 14, 12, 16 ], "texture": "#texture" },
				"east": { "uv": [ 4, 14, 7, 16 ], "texture": "#texture" }
			}
		},
		{
			"__comment": "Box6",
			"from": [ 5, 14, 4 ],
			"to": [ 6, 16, 11 ],
			"faces": {
				"down": { "uv": [ 10, 12, 11, 5 ], "texture": "#texture", "rotation": 180 },
				"up": { "uv": [ 10, 5, 11, 12 ], "texture": "#texture", "rotation": 180 },
				"north": { "uv": [ 10, 14, 11, 16 ], "texture": "#texture" },
				"south": { "uv": [ 5, 14, 6, 16 ], "texture": "#texture" },
				"west": { "uv": [ 4, 14, 11, 16 ], "texture": "#texture" },
				"east": { "uv": [ 5, 14, 12, 16 ], "texture": "#texture" }
			}
		},
		{
			"__comment": "Box6",
			"from": [ 6, 14, 3 ],
			"to": [ 7, 16, 6 ],
			"faces": {
				"down": { "uv": [ 9, 13, 10, 10 ], "texture": "#texture", "rotation": 180 },
				"up": { "uv": [ 9, 10, 10, 13 ], "texture": "#texture", "rotation": 180 },
				"north": { "uv": [ 9, 14, 10, 16 ], "texture": "#texture" },
				"south": { "uv": [ 6, 14, 7, 16 ], "texture": "#texture" },
				"west": { "uv": [ 3, 14, 6, 16 ], "texture": "#texture" },
				"east": { "uv": [ 10, 14, 13, 16 ], "texture": "#texture" }
			}
		},
		{
			"__comment": "Box6",
			"from": [ 4, 14, 3 ],
			"to": [ 5, 16, 4 ],
			"faces": {
				"down": { "uv": [ 11, 12, 12, 13 ], "texture": "#texture", "rotation": 180 },
				"up": { "uv": [ 11, 12, 12, 13 ], "texture": "#texture", "rotation": 180 },
				"north": { "uv": [ 11, 14, 12, 16 ], "texture": "#texture" },
				"south": { "uv": [ 4, 14, 5, 16 ], "texture": "#texture" },
				"west": { "uv": [ 3, 14, 4, 16 ], "texture": "#texture" },
				"east": { "uv": [ 12, 14, 13, 16 ], "texture": "#texture" }
			}
		},
		{
			"__comment": "Box6",
			"from": [ 3, 14, 6 ],
			"to": [ 4, 16, 11 ],
			"faces": {
				"down": { "uv": [ 12, 10, 13, 5 ], "texture": "#texture", "rotation": 180 },
				"up": { "uv": [ 12, 5, 13, 10 ], "texture": "#texture", "rotation": 180 },
				"north": { "uv": [ 12, 14, 13, 16 ], "texture": "#texture" },
				"south": { "uv": [ 3, 14, 4, 16 ], "texture": "#texture" },
				"west": { "uv": [ 6, 14, 11, 16 ], "texture": "#texture" },
				"east": { "uv": [ 5, 14, 10, 16 ], "texture": "#texture" }
			}
		}
	]
}