{
	"__comment": "Designed by QSKSw with Cubik Studio - https://cubik.studio",
	"ambientocclusion": false,
	"gui_light": "front",
	"textures": {
		"particle": "#backing",
		"backing": "block/ygo_card",
		"front": "block/ygo_card_monster_normal"
	},
	"elements": [ 	 
		{
			"__comment": "Box2",
			"from": [ 2, 0, 7.75 ],
			"to": [ 14, 16, 8.25 ],
			"faces": {
				"down": { "uv": [ 0, 0, 1, 1 ], "texture": "#backing" },
				"up": { "uv": [ 0, 0, 1, 1 ], "texture": "#backing" },
				"north": { "uv": [ 2.25, 0.5, 13.75, 15.5 ], "texture": "#backing" },
				"south": { "uv": [ 2.25, 0.5, 13.75, 15.5 ], "texture": "#front" },
				"west": { "uv": [ 0, 0, 1, 1 ], "texture": "#backing" },
				"east": { "uv": [ 0, 0, 1, 1 ], "texture": "#backing" }
			}
		}
	],
	"display": {
		"thirdperson_righthand": {
			"translation":  [ -1, 1, 1 ],
			"scale":  [ 0.3, 0.3, 0.3 ]
		},
		"firstperson_righthand": {
			"rotation":  [ -25, -35, 0 ],
			"translation":  [ 0, 3, 0 ],
			"scale":  [ 0.5, 0.5, 0.5 ]
		},
		"ground": {
			"translation":  [ 0, 3, 0 ],
			"scale":  [ 0.35, 0.35, 0.35 ]
		}
	}
}