{
    "parent": "item/handheld",
    "textures": {
        "layer0": "item/tripwire_key"
    },
    "display": {
        "thirdperson_righthand": {
            "rotation": [ 0, 135, 0 ],
            "translation": [ -3.5, 1, -0.5 ],
            "scale": [ 0.65, 0.65, 0.65 ]
        },
        "thirdperson_lefthand": {
            "rotation": [ 0, -45, 0 ],
            "translation": [ -3.5, 1, -0.5 ],
            "scale": [ 0.65, 0.65, 0.65 ]
        },
        "firstperson_righthand": {
            "rotation": [ 10, -247.5, 0 ],
            "translation": [ -1.13, 4.6, 1.63],
            "scale": [ 0.75, 0.75, 0.75 ]
        },
        "firstperson_lefthand": {
            "rotation": [ 10, -67.5, 0 ],
            "translation": [ -1.13, 4.6, 1.63],
            "scale": [ 0.75, 0.75, 0.75 ]
        }
    }
}

