{
    "parent": "item/template_skull",
    "display": {
        "gui": {
            "translation": [ -2, 2.5, 0 ],
            "rotation": [ 0, 0, 0 ],
            "scale": [ 0.6, 0.6, 0.6 ]
        },
        "firstperson_righthand": {
            "rotation": [ 0, 225, 0 ],
            "translation": [ 0, 5, 1 ],
            "scale": [ 0.5, 0.5, 0.5 ]
        },
        "firstperson_lefthand": {
            "rotation": [ 0, 225, 0 ],
            "translation": [ 0, 5, 1 ],
            "scale": [ 0.5, 0.5, 0.5 ]
        }
    }
}
